timestamp,cwnd_before_adj,ack_received,timeout_occurred,loss_indicator,target_cwnd_after_adj
1,1.0,0,0,0,1.0
2,1.0,0,0,0,1.0
3,1.0,0,0,0,1.0
4,1.0,0,0,0,1.0
5,1.0,0,0,0,1.0
6,1.0,0,0,0,1.0
7,1.0,0,0,0,1.0
8,1.0,1,0,0,2.0
9,2.0,0,0,0,2.0
10,2.0,0,0,0,2.0
11,2.0,0,0,0,2.0
12,2.0,0,0,0,2.0
13,2.0,0,0,0,2.0
14,2.0,0,0,0,2.0
15,2.0,1,0,0,4.0
16,4.0,0,0,0,4.0
17,4.0,0,0,0,4.0
18,4.0,0,0,0,4.0
19,4.0,0,0,0,4.0
20,4.0,0,0,0,4.0
21,4.0,0,0,0,4.0
22,4.0,1,0,0,8.0
23,8.0,0,0,0,8.0
24,8.0,0,0,0,8.0
25,8.0,0,0,0,8.0
26,8.0,0,0,0,8.0
27,8.0,0,0,0,8.0
28,8.0,0,0,0,8.0
29,8.0,1,0,0,16.0
30,16.0,0,0,0,16.0
31,16.0,0,0,0,16.0
32,16.0,0,0,0,16.0
33,16.0,0,0,0,16.0
34,16.0,0,0,0,16.0
35,16.0,0,0,0,16.0
36,16.0,1,0,0,32.0
37,32.0,0,0,0,32.0
38,32.0,0,0,0,32.0
39,32.0,0,0,0,32.0
40,32.0,0,0,0,32.0
41,32.0,0,0,0,32.0
42,32.0,0,0,0,32.0
43,32.0,1,0,0,32.875
44,32.875,0,0,0,32.875
45,32.875,0,0,0,32.875
46,32.875,0,0,0,32.875
47,32.875,0,0,0,32.875
48,32.875,0,0,0,32.875
49,32.875,0,0,0,32.875
50,32.875,1,0,0,33.6962927756654
51,33.6962927756654,0,1,1,1.0
52,1.0,0,0,0,1.0
53,1.0,0,0,0,1.0
54,1.0,0,0,0,1.0
55,1.0,0,0,0,1.0
56,1.0,0,0,0,1.0
57,1.0,1,0,0,29.0
58,29.0,0,1,1,1.0
59,1.0,0,0,0,1.0
60,1.0,0,0,0,1.0
61,1.0,0,0,0,1.0
62,1.0,0,0,0,1.0
63,1.0,0,0,0,1.0
64,1.0,1,0,0,29.0
65,29.0,0,0,0,29.0
66,29.0,0,0,0,29.0
67,29.0,0,0,0,29.0
68,29.0,0,0,0,29.0
69,29.0,0,0,0,29.0
70,29.0,0,0,0,29.0
71,29.0,1,0,0,30.0
72,30.0,0,0,0,30.0
73,30.0,0,0,0,30.0
74,30.0,0,0,0,30.0
75,30.0,0,0,0,30.0
76,30.0,0,0,0,30.0
77,30.0,0,0,0,30.0
78,30.0,1,0,0,31.0
79,31.0,0,0,0,31.0
80,31.0,0,0,0,31.0
81,31.0,0,0,0,31.0
82,31.0,0,0,0,31.0
83,31.0,0,0,0,31.0
84,31.0,0,0,0,31.0
85,31.0,1,0,0,31.967741935483872
86,31.967741935483872,0,0,0,31.967741935483872
87,31.967741935483872,0,0,0,31.967741935483872
88,31.967741935483872,0,0,0,31.967741935483872
89,31.967741935483872,0,0,0,31.967741935483872
90,31.967741935483872,0,0,0,31.967741935483872
91,31.967741935483872,0,0,0,31.967741935483872
92,31.967741935483872,1,0,0,32.87490641580678
93,32.87490641580678,0,1,1,1.0
94,1.0,0,0,0,1.0
95,1.0,0,0,0,1.0
96,1.0,0,0,0,1.0
97,1.0,0,0,0,1.0
98,1.0,0,0,0,1.0
99,1.0,1,0,0,31.0
100,31.0,0,1,1,1.0
101,1.0,0,0,0,1.0
102,1.0,0,0,0,1.0
103,1.0,0,0,0,1.0
104,1.0,0,0,0,1.0
105,1.0,0,0,0,1.0
106,1.0,1,0,0,31.0
107,31.0,0,0,0,31.0
108,31.0,0,0,0,31.0
109,31.0,0,0,0,31.0
110,31.0,0,0,0,31.0
111,31.0,0,0,0,31.0
112,31.0,0,0,0,31.0
113,31.0,1,0,0,31.967741935483872
114,31.967741935483872,0,0,0,31.967741935483872
115,31.967741935483872,0,0,0,31.967741935483872
116,31.967741935483872,0,0,0,31.967741935483872
117,31.967741935483872,0,0,0,31.967741935483872
118,31.967741935483872,0,0,0,31.967741935483872
119,31.967741935483872,0,0,0,31.967741935483872
120,31.967741935483872,1,0,0,32.90618794961102
121,32.90618794961102,0,1,1,1.0
122,1.0,0,0,0,1.0
123,1.0,0,0,0,1.0
124,1.0,0,0,0,1.0
125,1.0,0,0,0,1.0
126,1.0,0,0,0,1.0
127,1.0,1,0,0,31.0
128,31.0,0,0,0,31.0
129,31.0,0,0,0,31.0
130,31.0,0,0,0,31.0
131,31.0,0,0,0,31.0
132,31.0,0,0,0,31.0
133,31.0,0,0,0,31.0
134,31.0,1,0,0,31.967741935483872
135,31.967741935483872,0,1,1,1.0
136,1.0,0,0,0,1.0
137,1.0,0,0,0,1.0
138,1.0,0,0,0,1.0
139,1.0,0,0,0,1.0
140,1.0,0,0,0,1.0
141,1.0,1,0,0,31.0
142,31.0,0,0,0,31.0
143,31.0,0,0,0,31.0
144,31.0,0,0,0,31.0
145,31.0,0,0,0,31.0
146,31.0,0,0,0,31.0
147,31.0,0,0,0,31.0
148,31.0,1,0,0,31.967741935483872
149,31.967741935483872,0,0,0,31.967741935483872
150,31.967741935483872,0,0,0,31.967741935483872
151,31.967741935483872,0,0,0,31.967741935483872
152,31.967741935483872,0,0,0,31.967741935483872
153,31.967741935483872,0,0,0,31.967741935483872
154,31.967741935483872,0,0,0,31.967741935483872
155,31.967741935483872,1,0,0,32.87490641580678
156,32.87490641580678,0,1,1,1.0
157,1.0,0,0,0,1.0
158,1.0,0,0,0,1.0
159,1.0,0,0,0,1.0
160,1.0,0,0,0,1.0
161,1.0,0,0,0,1.0
162,1.0,1,0,0,31.0
163,31.0,0,1,1,1.0
164,1.0,0,0,0,1.0
165,1.0,0,0,0,1.0
166,1.0,0,0,0,1.0
167,1.0,0,0,0,1.0
168,1.0,0,0,0,1.0
169,1.0,1,0,0,31.0
170,31.0,0,0,0,31.0
171,31.0,0,0,0,31.0
172,31.0,0,0,0,31.0
173,31.0,0,0,0,31.0
174,31.0,0,0,0,31.0
175,31.0,0,0,0,31.0
176,31.0,1,0,0,31.967741935483872
177,31.967741935483872,0,0,0,31.967741935483872
178,31.967741935483872,0,0,0,31.967741935483872
179,31.967741935483872,0,0,0,31.967741935483872
180,31.967741935483872,0,0,0,31.967741935483872
181,31.967741935483872,0,0,0,31.967741935483872
182,31.967741935483872,0,0,0,31.967741935483872
183,31.967741935483872,1,0,0,32.90618794961102
184,32.90618794961102,0,1,1,1.0
185,1.0,0,0,0,1.0
186,1.0,0,0,0,1.0
187,1.0,0,0,0,1.0
188,1.0,0,0,0,1.0
189,1.0,0,0,0,1.0
190,1.0,1,0,0,31.0
191,31.0,0,0,0,31.0
192,31.0,0,0,0,31.0
193,31.0,0,0,0,31.0
194,31.0,0,0,0,31.0
195,31.0,0,0,0,31.0
196,31.0,0,0,0,31.0
197,31.0,1,0,0,31.967741935483872
198,31.967741935483872,0,1,1,1.0
199,1.0,0,0,0,1.0
200,1.0,0,0,0,1.0
201,1.0,0,0,0,1.0
202,1.0,0,0,0,1.0
203,1.0,0,0,0,1.0
204,1.0,1,0,0,31.0
205,31.0,0,0,0,31.0
206,31.0,0,0,0,31.0
207,31.0,0,0,0,31.0
208,31.0,0,0,0,31.0
209,31.0,0,0,0,31.0
210,31.0,0,0,0,31.0
211,31.0,1,0,0,31.967741935483872
212,31.967741935483872,0,0,0,31.967741935483872
213,31.967741935483872,0,0,0,31.967741935483872
214,31.967741935483872,0,0,0,31.967741935483872
215,31.967741935483872,0,0,0,31.967741935483872
216,31.967741935483872,0,0,0,31.967741935483872
217,31.967741935483872,0,0,0,31.967741935483872
218,31.967741935483872,1,0,0,32.87490641580678
219,32.87490641580678,0,1,1,1.0
220,1.0,0,0,0,1.0
221,1.0,0,0,0,1.0
222,1.0,0,0,0,1.0
223,1.0,0,0,0,1.0
224,1.0,0,0,0,1.0
225,1.0,1,0,0,31.0
226,31.0,0,1,1,1.0
227,1.0,0,0,0,1.0
228,1.0,0,0,0,1.0
229,1.0,0,0,0,1.0
230,1.0,0,0,0,1.0
231,1.0,0,0,0,1.0
232,1.0,1,0,0,31.0
233,31.0,0,0,0,31.0
234,31.0,0,0,0,31.0
235,31.0,0,0,0,31.0
236,31.0,0,0,0,31.0
237,31.0,0,0,0,31.0
238,31.0,0,0,0,31.0
239,31.0,1,0,0,31.967741935483872
240,31.967741935483872,0,0,0,31.967741935483872
241,31.967741935483872,0,0,0,31.967741935483872
242,31.967741935483872,0,0,0,31.967741935483872
243,31.967741935483872,0,0,0,31.967741935483872
244,31.967741935483872,0,0,0,31.967741935483872
245,31.967741935483872,0,0,0,31.967741935483872
246,31.967741935483872,1,0,0,32.90618794961102
247,32.90618794961102,0,1,1,1.0
248,1.0,0,0,0,1.0
249,1.0,0,0,0,1.0
250,1.0,0,0,0,1.0
251,1.0,0,0,0,1.0
252,1.0,0,0,0,1.0
253,1.0,1,0,0,31.0
254,31.0,0,0,0,31.0
255,31.0,0,0,0,31.0
256,31.0,0,0,0,31.0
257,31.0,0,0,0,31.0
258,31.0,0,0,0,31.0
259,31.0,0,0,0,31.0
260,31.0,1,0,0,31.967741935483872
261,31.967741935483872,0,1,1,1.0
262,1.0,0,0,0,1.0
263,1.0,0,0,0,1.0
264,1.0,0,0,0,1.0
265,1.0,0,0,0,1.0
266,1.0,0,0,0,1.0
267,1.0,1,0,0,22.0
268,22.0,0,0,0,22.0
269,22.0,0,0,0,22.0
270,22.0,0,0,0,22.0
271,22.0,0,0,0,22.0
272,22.0,0,0,0,22.0
273,22.0,0,0,0,22.0
274,22.0,1,0,0,22.045454545454547
275,22.045454545454547,0,0,0,22.045454545454547
276,22.045454545454547,0,0,0,22.045454545454547
277,22.045454545454547,0,0,0,22.045454545454547
278,22.045454545454547,0,0,0,22.045454545454547
279,22.045454545454547,0,0,0,22.045454545454547
280,22.045454545454547,0,0,0,22.045454545454547
281,22.045454545454547,0,0,0,22.045454545454547
282,22.045454545454547,0,0,0,22.045454545454547
283,22.045454545454547,0,0,0,22.045454545454547
284,22.045454545454547,0,0,0,22.045454545454547
285,22.045454545454547,0,0,0,22.045454545454547
286,22.045454545454547,0,0,0,22.045454545454547
287,22.045454545454547,0,0,0,22.045454545454547
288,22.045454545454547,0,0,0,22.045454545454547
289,22.045454545454547,0,0,0,22.045454545454547
290,22.045454545454547,0,0,0,22.045454545454547
291,22.045454545454547,0,0,0,22.045454545454547
292,22.045454545454547,0,0,0,22.045454545454547
293,22.045454545454547,0,0,0,22.045454545454547
294,22.045454545454547,0,0,0,22.045454545454547
295,22.045454545454547,0,0,0,22.045454545454547
296,22.045454545454547,0,0,0,22.045454545454547
297,22.045454545454547,0,0,0,22.045454545454547
298,22.045454545454547,0,0,0,22.045454545454547
299,22.045454545454547,0,0,0,22.045454545454547
300,22.045454545454547,0,0,0,22.045454545454547
301,22.045454545454547,0,0,0,22.045454545454547
302,22.045454545454547,0,0,0,22.045454545454547
303,22.045454545454547,0,0,0,22.045454545454547
304,22.045454545454547,0,0,0,22.045454545454547
305,22.045454545454547,0,0,0,22.045454545454547
306,22.045454545454547,0,0,0,22.045454545454547
307,22.045454545454547,0,0,0,22.045454545454547
308,22.045454545454547,0,0,0,22.045454545454547
309,22.045454545454547,0,0,0,22.045454545454547
310,22.045454545454547,0,0,0,22.045454545454547
311,22.045454545454547,0,0,0,22.045454545454547
312,22.045454545454547,0,0,0,22.045454545454547
313,22.045454545454547,0,0,0,22.045454545454547
314,22.045454545454547,0,0,0,22.045454545454547
315,22.045454545454547,0,0,0,22.045454545454547
316,22.045454545454547,0,0,0,22.045454545454547
317,22.045454545454547,0,0,0,22.045454545454547
318,22.045454545454547,0,0,0,22.045454545454547
319,22.045454545454547,0,0,0,22.045454545454547
320,22.045454545454547,0,0,0,22.045454545454547
321,22.045454545454547,0,0,0,22.045454545454547
322,22.045454545454547,0,0,0,22.045454545454547
323,22.045454545454547,0,0,0,22.045454545454547
324,22.045454545454547,0,0,0,22.045454545454547
325,22.045454545454547,0,0,0,22.045454545454547
326,22.045454545454547,0,0,0,22.045454545454547
327,22.045454545454547,0,0,0,22.045454545454547
328,22.045454545454547,0,0,0,22.045454545454547
329,22.045454545454547,0,0,0,22.045454545454547
330,22.045454545454547,0,0,0,22.045454545454547
331,22.045454545454547,0,0,0,22.045454545454547
332,22.045454545454547,0,0,0,22.045454545454547
333,22.045454545454547,0,0,0,22.045454545454547
334,22.045454545454547,0,0,0,22.045454545454547
335,22.045454545454547,0,0,0,22.045454545454547
336,22.045454545454547,0,0,0,22.045454545454547
337,22.045454545454547,0,0,0,22.045454545454547
338,22.045454545454547,0,0,0,22.045454545454547
339,22.045454545454547,0,0,0,22.045454545454547
340,22.045454545454547,0,0,0,22.045454545454547
341,22.045454545454547,0,0,0,22.045454545454547
342,22.045454545454547,0,0,0,22.045454545454547
343,22.045454545454547,0,0,0,22.045454545454547
344,22.045454545454547,0,0,0,22.045454545454547
345,22.045454545454547,0,0,0,22.045454545454547
346,22.045454545454547,0,0,0,22.045454545454547
347,22.045454545454547,0,0,0,22.045454545454547
348,22.045454545454547,0,0,0,22.045454545454547
349,22.045454545454547,0,0,0,22.045454545454547
350,22.045454545454547,0,0,0,22.045454545454547
351,22.045454545454547,0,0,0,22.045454545454547
352,22.045454545454547,0,0,0,22.045454545454547
353,22.045454545454547,0,0,0,22.045454545454547
354,22.045454545454547,0,0,0,22.045454545454547
355,22.045454545454547,0,0,0,22.045454545454547
356,22.045454545454547,0,0,0,22.045454545454547
357,22.045454545454547,0,0,0,22.045454545454547
358,22.045454545454547,0,0,0,22.045454545454547
359,22.045454545454547,0,0,0,22.045454545454547
360,22.045454545454547,0,0,0,22.045454545454547
361,22.045454545454547,0,0,0,22.045454545454547
362,22.045454545454547,0,0,0,22.045454545454547
363,22.045454545454547,0,0,0,22.045454545454547
364,22.045454545454547,0,0,0,22.045454545454547
365,22.045454545454547,0,0,0,22.045454545454547
366,22.045454545454547,0,0,0,22.045454545454547
367,22.045454545454547,0,0,0,22.045454545454547
368,22.045454545454547,0,0,0,22.045454545454547
369,22.045454545454547,0,0,0,22.045454545454547
370,22.045454545454547,0,0,0,22.045454545454547
371,22.045454545454547,0,0,0,22.045454545454547
372,22.045454545454547,0,0,0,22.045454545454547
373,22.045454545454547,0,0,0,22.045454545454547
374,22.045454545454547,0,0,0,22.045454545454547
375,22.045454545454547,0,0,0,22.045454545454547
376,22.045454545454547,0,0,0,22.045454545454547
377,22.045454545454547,0,0,0,22.045454545454547
378,22.045454545454547,0,0,0,22.045454545454547
379,22.045454545454547,0,0,0,22.045454545454547
380,22.045454545454547,0,0,0,22.045454545454547
381,22.045454545454547,0,0,0,22.045454545454547
382,22.045454545454547,0,0,0,22.045454545454547
383,22.045454545454547,0,0,0,22.045454545454547
384,22.045454545454547,0,0,0,22.045454545454547
385,22.045454545454547,0,0,0,22.045454545454547
386,22.045454545454547,0,0,0,22.045454545454547
387,22.045454545454547,0,0,0,22.045454545454547
388,22.045454545454547,0,0,0,22.045454545454547
389,22.045454545454547,0,0,0,22.045454545454547
390,22.045454545454547,0,0,0,22.045454545454547
391,22.045454545454547,0,0,0,22.045454545454547
392,22.045454545454547,0,0,0,22.045454545454547
393,22.045454545454547,0,0,0,22.045454545454547
394,22.045454545454547,0,0,0,22.045454545454547
395,22.045454545454547,0,0,0,22.045454545454547
396,22.045454545454547,0,0,0,22.045454545454547
397,22.045454545454547,0,0,0,22.045454545454547
398,22.045454545454547,0,0,0,22.045454545454547
399,22.045454545454547,0,0,0,22.045454545454547
400,22.045454545454547,0,0,0,22.045454545454547
401,22.045454545454547,0,0,0,22.045454545454547
402,22.045454545454547,0,0,0,22.045454545454547
403,22.045454545454547,0,0,0,22.045454545454547
404,22.045454545454547,0,0,0,22.045454545454547
405,22.045454545454547,0,0,0,22.045454545454547
406,22.045454545454547,0,0,0,22.045454545454547
407,22.045454545454547,0,0,0,22.045454545454547
408,22.045454545454547,0,0,0,22.045454545454547
409,22.045454545454547,0,0,0,22.045454545454547
410,22.045454545454547,0,0,0,22.045454545454547
411,22.045454545454547,0,0,0,22.045454545454547
412,22.045454545454547,0,0,0,22.045454545454547
413,22.045454545454547,0,0,0,22.045454545454547
414,22.045454545454547,0,0,0,22.045454545454547
415,22.045454545454547,0,0,0,22.045454545454547
416,22.045454545454547,0,0,0,22.045454545454547
417,22.045454545454547,0,0,0,22.045454545454547
418,22.045454545454547,0,0,0,22.045454545454547
419,22.045454545454547,0,0,0,22.045454545454547
420,22.045454545454547,0,0,0,22.045454545454547
421,22.045454545454547,0,0,0,22.045454545454547
422,22.045454545454547,0,0,0,22.045454545454547
423,22.045454545454547,0,0,0,22.045454545454547
424,22.045454545454547,0,0,0,22.045454545454547
425,22.045454545454547,0,0,0,22.045454545454547
426,22.045454545454547,0,0,0,22.045454545454547
427,22.045454545454547,0,0,0,22.045454545454547
428,22.045454545454547,0,0,0,22.045454545454547
429,22.045454545454547,0,0,0,22.045454545454547
430,22.045454545454547,0,0,0,22.045454545454547
431,22.045454545454547,0,0,0,22.045454545454547
432,22.045454545454547,0,0,0,22.045454545454547
433,22.045454545454547,0,0,0,22.045454545454547
434,22.045454545454547,0,0,0,22.045454545454547
435,22.045454545454547,0,0,0,22.045454545454547
436,22.045454545454547,0,0,0,22.045454545454547
437,22.045454545454547,0,0,0,22.045454545454547
438,22.045454545454547,0,0,0,22.045454545454547
439,22.045454545454547,0,0,0,22.045454545454547
440,22.045454545454547,0,0,0,22.045454545454547
441,22.045454545454547,0,0,0,22.045454545454547
442,22.045454545454547,0,0,0,22.045454545454547
443,22.045454545454547,0,0,0,22.045454545454547
444,22.045454545454547,0,0,0,22.045454545454547
445,22.045454545454547,0,0,0,22.045454545454547
446,22.045454545454547,0,0,0,22.045454545454547
447,22.045454545454547,0,0,0,22.045454545454547
448,22.045454545454547,0,0,0,22.045454545454547
449,22.045454545454547,0,0,0,22.045454545454547
450,22.045454545454547,0,0,0,22.045454545454547
451,22.045454545454547,0,0,0,22.045454545454547
452,22.045454545454547,0,0,0,22.045454545454547
453,22.045454545454547,0,0,0,22.045454545454547
454,22.045454545454547,0,0,0,22.045454545454547
455,22.045454545454547,0,0,0,22.045454545454547
456,22.045454545454547,0,0,0,22.045454545454547
457,22.045454545454547,0,0,0,22.045454545454547
458,22.045454545454547,0,0,0,22.045454545454547
459,22.045454545454547,0,0,0,22.045454545454547
460,22.045454545454547,0,0,0,22.045454545454547
461,22.045454545454547,0,0,0,22.045454545454547
462,22.045454545454547,0,0,0,22.045454545454547
463,22.045454545454547,0,0,0,22.045454545454547
464,22.045454545454547,0,0,0,22.045454545454547
465,22.045454545454547,0,0,0,22.045454545454547
466,22.045454545454547,0,0,0,22.045454545454547
467,22.045454545454547,0,0,0,22.045454545454547
468,22.045454545454547,0,0,0,22.045454545454547
469,22.045454545454547,0,0,0,22.045454545454547
470,22.045454545454547,0,0,0,22.045454545454547
471,22.045454545454547,0,0,0,22.045454545454547
472,22.045454545454547,0,0,0,22.045454545454547
473,22.045454545454547,0,0,0,22.045454545454547
474,22.045454545454547,0,0,0,22.045454545454547
475,22.045454545454547,0,0,0,22.045454545454547
476,22.045454545454547,0,0,0,22.045454545454547
477,22.045454545454547,0,0,0,22.045454545454547
478,22.045454545454547,0,0,0,22.045454545454547
479,22.045454545454547,0,0,0,22.045454545454547
480,22.045454545454547,0,0,0,22.045454545454547
481,22.045454545454547,0,0,0,22.045454545454547
482,22.045454545454547,0,0,0,22.045454545454547
483,22.045454545454547,0,0,0,22.045454545454547
484,22.045454545454547,0,0,0,22.045454545454547
485,22.045454545454547,0,0,0,22.045454545454547
486,22.045454545454547,0,0,0,22.045454545454547
487,22.045454545454547,0,0,0,22.045454545454547
488,22.045454545454547,0,0,0,22.045454545454547
489,22.045454545454547,0,0,0,22.045454545454547
490,22.045454545454547,0,0,0,22.045454545454547
491,22.045454545454547,0,0,0,22.045454545454547
492,22.045454545454547,0,0,0,22.045454545454547
493,22.045454545454547,0,0,0,22.045454545454547
494,22.045454545454547,0,0,0,22.045454545454547
495,22.045454545454547,0,0,0,22.045454545454547
496,22.045454545454547,0,0,0,22.045454545454547
497,22.045454545454547,0,0,0,22.045454545454547
498,22.045454545454547,0,0,0,22.045454545454547
499,22.045454545454547,0,0,0,22.045454545454547
500,22.045454545454547,0,0,0,22.045454545454547
501,22.045454545454547,0,0,0,22.045454545454547
502,22.045454545454547,0,0,0,22.045454545454547
503,22.045454545454547,0,0,0,22.045454545454547
504,22.045454545454547,0,0,0,22.045454545454547
505,22.045454545454547,0,0,0,22.045454545454547
506,22.045454545454547,0,0,0,22.045454545454547
507,22.045454545454547,0,0,0,22.045454545454547
508,22.045454545454547,0,0,0,22.045454545454547
509,22.045454545454547,0,0,0,22.045454545454547
510,22.045454545454547,0,0,0,22.045454545454547
511,22.045454545454547,0,0,0,22.045454545454547
512,22.045454545454547,0,0,0,22.045454545454547
513,22.045454545454547,0,0,0,22.045454545454547
514,22.045454545454547,0,0,0,22.045454545454547
515,22.045454545454547,0,0,0,22.045454545454547
516,22.045454545454547,0,0,0,22.045454545454547
517,22.045454545454547,0,0,0,22.045454545454547
518,22.045454545454547,0,0,0,22.045454545454547
519,22.045454545454547,0,0,0,22.045454545454547
520,22.045454545454547,0,0,0,22.045454545454547
521,22.045454545454547,0,0,0,22.045454545454547
522,22.045454545454547,0,0,0,22.045454545454547
523,22.045454545454547,0,0,0,22.045454545454547
524,22.045454545454547,0,0,0,22.045454545454547
525,22.045454545454547,0,0,0,22.045454545454547
526,22.045454545454547,0,0,0,22.045454545454547
527,22.045454545454547,0,0,0,22.045454545454547
528,22.045454545454547,0,0,0,22.045454545454547
529,22.045454545454547,0,0,0,22.045454545454547
530,22.045454545454547,0,0,0,22.045454545454547
531,22.045454545454547,0,0,0,22.045454545454547
532,22.045454545454547,0,0,0,22.045454545454547
533,22.045454545454547,0,0,0,22.045454545454547
534,22.045454545454547,0,0,0,22.045454545454547
535,22.045454545454547,0,0,0,22.045454545454547
536,22.045454545454547,0,0,0,22.045454545454547
537,22.045454545454547,0,0,0,22.045454545454547
538,22.045454545454547,0,0,0,22.045454545454547
539,22.045454545454547,0,0,0,22.045454545454547
540,22.045454545454547,0,0,0,22.045454545454547
541,22.045454545454547,0,0,0,22.045454545454547
542,22.045454545454547,0,0,0,22.045454545454547
543,22.045454545454547,0,0,0,22.045454545454547
544,22.045454545454547,0,0,0,22.045454545454547
545,22.045454545454547,0,0,0,22.045454545454547
546,22.045454545454547,0,0,0,22.045454545454547
547,22.045454545454547,0,0,0,22.045454545454547
548,22.045454545454547,0,0,0,22.045454545454547
549,22.045454545454547,0,0,0,22.045454545454547
550,22.045454545454547,0,0,0,22.045454545454547
551,22.045454545454547,0,0,0,22.045454545454547
552,22.045454545454547,0,0,0,22.045454545454547
553,22.045454545454547,0,0,0,22.045454545454547
554,22.045454545454547,0,0,0,22.045454545454547
555,22.045454545454547,0,0,0,22.045454545454547
556,22.045454545454547,0,0,0,22.045454545454547
557,22.045454545454547,0,0,0,22.045454545454547
558,22.045454545454547,0,0,0,22.045454545454547
559,22.045454545454547,0,0,0,22.045454545454547
560,22.045454545454547,0,0,0,22.045454545454547
561,22.045454545454547,0,0,0,22.045454545454547
562,22.045454545454547,0,0,0,22.045454545454547
563,22.045454545454547,0,0,0,22.045454545454547
564,22.045454545454547,0,0,0,22.045454545454547
565,22.045454545454547,0,0,0,22.045454545454547
566,22.045454545454547,0,0,0,22.045454545454547
567,22.045454545454547,0,0,0,22.045454545454547
568,22.045454545454547,0,0,0,22.045454545454547
569,22.045454545454547,0,0,0,22.045454545454547
570,22.045454545454547,0,0,0,22.045454545454547
571,22.045454545454547,0,0,0,22.045454545454547
572,22.045454545454547,0,0,0,22.045454545454547
573,22.045454545454547,0,0,0,22.045454545454547
574,22.045454545454547,0,0,0,22.045454545454547
575,22.045454545454547,0,0,0,22.045454545454547
576,22.045454545454547,0,0,0,22.045454545454547
577,22.045454545454547,0,0,0,22.045454545454547
578,22.045454545454547,0,0,0,22.045454545454547
579,22.045454545454547,0,0,0,22.045454545454547
580,22.045454545454547,0,0,0,22.045454545454547
581,22.045454545454547,0,0,0,22.045454545454547
582,22.045454545454547,0,0,0,22.045454545454547
583,22.045454545454547,0,0,0,22.045454545454547
584,22.045454545454547,0,0,0,22.045454545454547
585,22.045454545454547,0,0,0,22.045454545454547
586,22.045454545454547,0,0,0,22.045454545454547
587,22.045454545454547,0,0,0,22.045454545454547
588,22.045454545454547,0,0,0,22.045454545454547
589,22.045454545454547,0,0,0,22.045454545454547
590,22.045454545454547,0,0,0,22.045454545454547
591,22.045454545454547,0,0,0,22.045454545454547
592,22.045454545454547,0,0,0,22.045454545454547
593,22.045454545454547,0,0,0,22.045454545454547
594,22.045454545454547,0,0,0,22.045454545454547
595,22.045454545454547,0,0,0,22.045454545454547
596,22.045454545454547,0,0,0,22.045454545454547
597,22.045454545454547,0,0,0,22.045454545454547
598,22.045454545454547,0,0,0,22.045454545454547
599,22.045454545454547,0,0,0,22.045454545454547
600,22.045454545454547,0,0,0,22.045454545454547
601,22.045454545454547,0,0,0,22.045454545454547
602,22.045454545454547,0,0,0,22.045454545454547
603,22.045454545454547,0,0,0,22.045454545454547
604,22.045454545454547,0,0,0,22.045454545454547
605,22.045454545454547,0,0,0,22.045454545454547
606,22.045454545454547,0,0,0,22.045454545454547
607,22.045454545454547,0,0,0,22.045454545454547
608,22.045454545454547,0,0,0,22.045454545454547
609,22.045454545454547,0,0,0,22.045454545454547
610,22.045454545454547,0,0,0,22.045454545454547
611,22.045454545454547,0,0,0,22.045454545454547
612,22.045454545454547,0,0,0,22.045454545454547
613,22.045454545454547,0,0,0,22.045454545454547
614,22.045454545454547,0,0,0,22.045454545454547
615,22.045454545454547,0,0,0,22.045454545454547
616,22.045454545454547,0,0,0,22.045454545454547
617,22.045454545454547,0,0,0,22.045454545454547
618,22.045454545454547,0,0,0,22.045454545454547
619,22.045454545454547,0,0,0,22.045454545454547
620,22.045454545454547,0,0,0,22.045454545454547
621,22.045454545454547,0,0,0,22.045454545454547
622,22.045454545454547,0,0,0,22.045454545454547
623,22.045454545454547,0,0,0,22.045454545454547
624,22.045454545454547,0,0,0,22.045454545454547
625,22.045454545454547,0,0,0,22.045454545454547
626,22.045454545454547,0,0,0,22.045454545454547
627,22.045454545454547,0,0,0,22.045454545454547
628,22.045454545454547,0,0,0,22.045454545454547
629,22.045454545454547,0,0,0,22.045454545454547
630,22.045454545454547,0,0,0,22.045454545454547
631,22.045454545454547,0,0,0,22.045454545454547
632,22.045454545454547,0,0,0,22.045454545454547
633,22.045454545454547,0,0,0,22.045454545454547
634,22.045454545454547,0,0,0,22.045454545454547
635,22.045454545454547,0,0,0,22.045454545454547
636,22.045454545454547,0,0,0,22.045454545454547
637,22.045454545454547,0,0,0,22.045454545454547
638,22.045454545454547,0,0,0,22.045454545454547
639,22.045454545454547,0,0,0,22.045454545454547
640,22.045454545454547,0,0,0,22.045454545454547
641,22.045454545454547,0,0,0,22.045454545454547
642,22.045454545454547,0,0,0,22.045454545454547
643,22.045454545454547,0,0,0,22.045454545454547
644,22.045454545454547,0,0,0,22.045454545454547
645,22.045454545454547,0,0,0,22.045454545454547
646,22.045454545454547,0,0,0,22.045454545454547
647,22.045454545454547,0,0,0,22.045454545454547
648,22.045454545454547,0,0,0,22.045454545454547
649,22.045454545454547,0,0,0,22.045454545454547
650,22.045454545454547,0,0,0,22.045454545454547
651,22.045454545454547,0,0,0,22.045454545454547
652,22.045454545454547,0,0,0,22.045454545454547
653,22.045454545454547,0,0,0,22.045454545454547
654,22.045454545454547,0,0,0,22.045454545454547
655,22.045454545454547,0,0,0,22.045454545454547
656,22.045454545454547,0,0,0,22.045454545454547
657,22.045454545454547,0,0,0,22.045454545454547
658,22.045454545454547,0,0,0,22.045454545454547
659,22.045454545454547,0,0,0,22.045454545454547
660,22.045454545454547,0,0,0,22.045454545454547
661,22.045454545454547,0,0,0,22.045454545454547
662,22.045454545454547,0,0,0,22.045454545454547
663,22.045454545454547,0,0,0,22.045454545454547
664,22.045454545454547,0,0,0,22.045454545454547
665,22.045454545454547,0,0,0,22.045454545454547
666,22.045454545454547,0,0,0,22.045454545454547
667,22.045454545454547,0,0,0,22.045454545454547
668,22.045454545454547,0,0,0,22.045454545454547
669,22.045454545454547,0,0,0,22.045454545454547
670,22.045454545454547,0,0,0,22.045454545454547
671,22.045454545454547,0,0,0,22.045454545454547
672,22.045454545454547,0,0,0,22.045454545454547
673,22.045454545454547,0,0,0,22.045454545454547
674,22.045454545454547,0,0,0,22.045454545454547
675,22.045454545454547,0,0,0,22.045454545454547
676,22.045454545454547,0,0,0,22.045454545454547
677,22.045454545454547,0,0,0,22.045454545454547
678,22.045454545454547,0,0,0,22.045454545454547
679,22.045454545454547,0,0,0,22.045454545454547
680,22.045454545454547,0,0,0,22.045454545454547
681,22.045454545454547,0,0,0,22.045454545454547
682,22.045454545454547,0,0,0,22.045454545454547
683,22.045454545454547,0,0,0,22.045454545454547
684,22.045454545454547,0,0,0,22.045454545454547
685,22.045454545454547,0,0,0,22.045454545454547
686,22.045454545454547,0,0,0,22.045454545454547
687,22.045454545454547,0,0,0,22.045454545454547
688,22.045454545454547,0,0,0,22.045454545454547
689,22.045454545454547,0,0,0,22.045454545454547
690,22.045454545454547,0,0,0,22.045454545454547
691,22.045454545454547,0,0,0,22.045454545454547
692,22.045454545454547,0,0,0,22.045454545454547
693,22.045454545454547,0,0,0,22.045454545454547
694,22.045454545454547,0,0,0,22.045454545454547
695,22.045454545454547,0,0,0,22.045454545454547
696,22.045454545454547,0,0,0,22.045454545454547
697,22.045454545454547,0,0,0,22.045454545454547
698,22.045454545454547,0,0,0,22.045454545454547
699,22.045454545454547,0,0,0,22.045454545454547
700,22.045454545454547,0,0,0,22.045454545454547
701,22.045454545454547,0,0,0,22.045454545454547
702,22.045454545454547,0,0,0,22.045454545454547
703,22.045454545454547,0,0,0,22.045454545454547
704,22.045454545454547,0,0,0,22.045454545454547
705,22.045454545454547,0,0,0,22.045454545454547
706,22.045454545454547,0,0,0,22.045454545454547
707,22.045454545454547,0,0,0,22.045454545454547
708,22.045454545454547,0,0,0,22.045454545454547
709,22.045454545454547,0,0,0,22.045454545454547
710,22.045454545454547,0,0,0,22.045454545454547
711,22.045454545454547,0,0,0,22.045454545454547
712,22.045454545454547,0,0,0,22.045454545454547
713,22.045454545454547,0,0,0,22.045454545454547
714,22.045454545454547,0,0,0,22.045454545454547
715,22.045454545454547,0,0,0,22.045454545454547
716,22.045454545454547,0,0,0,22.045454545454547
717,22.045454545454547,0,0,0,22.045454545454547
718,22.045454545454547,0,0,0,22.045454545454547
719,22.045454545454547,0,0,0,22.045454545454547
720,22.045454545454547,0,0,0,22.045454545454547
721,22.045454545454547,0,0,0,22.045454545454547
722,22.045454545454547,0,0,0,22.045454545454547
723,22.045454545454547,0,0,0,22.045454545454547
724,22.045454545454547,0,0,0,22.045454545454547
725,22.045454545454547,0,0,0,22.045454545454547
726,22.045454545454547,0,0,0,22.045454545454547
727,22.045454545454547,0,0,0,22.045454545454547
728,22.045454545454547,0,0,0,22.045454545454547
729,22.045454545454547,0,0,0,22.045454545454547
730,22.045454545454547,0,0,0,22.045454545454547
731,22.045454545454547,0,0,0,22.045454545454547
732,22.045454545454547,0,0,0,22.045454545454547
733,22.045454545454547,0,0,0,22.045454545454547
734,22.045454545454547,0,0,0,22.045454545454547
735,22.045454545454547,0,0,0,22.045454545454547
736,22.045454545454547,0,0,0,22.045454545454547
737,22.045454545454547,0,0,0,22.045454545454547
738,22.045454545454547,0,0,0,22.045454545454547
739,22.045454545454547,0,0,0,22.045454545454547
740,22.045454545454547,0,0,0,22.045454545454547
741,22.045454545454547,0,0,0,22.045454545454547
742,22.045454545454547,0,0,0,22.045454545454547
743,22.045454545454547,0,0,0,22.045454545454547
744,22.045454545454547,0,0,0,22.045454545454547
745,22.045454545454547,0,0,0,22.045454545454547
746,22.045454545454547,0,0,0,22.045454545454547
747,22.045454545454547,0,0,0,22.045454545454547
748,22.045454545454547,0,0,0,22.045454545454547
749,22.045454545454547,0,0,0,22.045454545454547
750,22.045454545454547,0,0,0,22.045454545454547
751,22.045454545454547,0,0,0,22.045454545454547
752,22.045454545454547,0,0,0,22.045454545454547
753,22.045454545454547,0,0,0,22.045454545454547
754,22.045454545454547,0,0,0,22.045454545454547
755,22.045454545454547,0,0,0,22.045454545454547
756,22.045454545454547,0,0,0,22.045454545454547
757,22.045454545454547,0,0,0,22.045454545454547
758,22.045454545454547,0,0,0,22.045454545454547
759,22.045454545454547,0,0,0,22.045454545454547
760,22.045454545454547,0,0,0,22.045454545454547
761,22.045454545454547,0,0,0,22.045454545454547
762,22.045454545454547,0,0,0,22.045454545454547
763,22.045454545454547,0,0,0,22.045454545454547
764,22.045454545454547,0,0,0,22.045454545454547
765,22.045454545454547,0,0,0,22.045454545454547
766,22.045454545454547,0,0,0,22.045454545454547
767,22.045454545454547,0,0,0,22.045454545454547
768,22.045454545454547,0,0,0,22.045454545454547
769,22.045454545454547,0,0,0,22.045454545454547
770,22.045454545454547,0,0,0,22.045454545454547
771,22.045454545454547,0,0,0,22.045454545454547
772,22.045454545454547,0,0,0,22.045454545454547
773,22.045454545454547,0,0,0,22.045454545454547
774,22.045454545454547,0,0,0,22.045454545454547
775,22.045454545454547,0,0,0,22.045454545454547
776,22.045454545454547,0,0,0,22.045454545454547
777,22.045454545454547,0,0,0,22.045454545454547
778,22.045454545454547,0,0,0,22.045454545454547
779,22.045454545454547,0,0,0,22.045454545454547
780,22.045454545454547,0,0,0,22.045454545454547
781,22.045454545454547,0,0,0,22.045454545454547
782,22.045454545454547,0,0,0,22.045454545454547
783,22.045454545454547,0,0,0,22.045454545454547
784,22.045454545454547,0,0,0,22.045454545454547
785,22.045454545454547,0,0,0,22.045454545454547
786,22.045454545454547,0,0,0,22.045454545454547
787,22.045454545454547,0,0,0,22.045454545454547
788,22.045454545454547,0,0,0,22.045454545454547
789,22.045454545454547,0,0,0,22.045454545454547
790,22.045454545454547,0,0,0,22.045454545454547
791,22.045454545454547,0,0,0,22.045454545454547
792,22.045454545454547,0,0,0,22.045454545454547
793,22.045454545454547,0,0,0,22.045454545454547
794,22.045454545454547,0,0,0,22.045454545454547
795,22.045454545454547,0,0,0,22.045454545454547
796,22.045454545454547,0,0,0,22.045454545454547
797,22.045454545454547,0,0,0,22.045454545454547
798,22.045454545454547,0,0,0,22.045454545454547
799,22.045454545454547,0,0,0,22.045454545454547
800,22.045454545454547,0,0,0,22.045454545454547
801,22.045454545454547,0,0,0,22.045454545454547
802,22.045454545454547,0,0,0,22.045454545454547
803,22.045454545454547,0,0,0,22.045454545454547
804,22.045454545454547,0,0,0,22.045454545454547
805,22.045454545454547,0,0,0,22.045454545454547
806,22.045454545454547,0,0,0,22.045454545454547
807,22.045454545454547,0,0,0,22.045454545454547
808,22.045454545454547,0,0,0,22.045454545454547
809,22.045454545454547,0,0,0,22.045454545454547
810,22.045454545454547,0,0,0,22.045454545454547
811,22.045454545454547,0,0,0,22.045454545454547
812,22.045454545454547,0,0,0,22.045454545454547
813,22.045454545454547,0,0,0,22.045454545454547
814,22.045454545454547,0,0,0,22.045454545454547
815,22.045454545454547,0,0,0,22.045454545454547
816,22.045454545454547,0,0,0,22.045454545454547
817,22.045454545454547,0,0,0,22.045454545454547
818,22.045454545454547,0,0,0,22.045454545454547
819,22.045454545454547,0,0,0,22.045454545454547
820,22.045454545454547,0,0,0,22.045454545454547
821,22.045454545454547,0,0,0,22.045454545454547
822,22.045454545454547,0,0,0,22.045454545454547
823,22.045454545454547,0,0,0,22.045454545454547
824,22.045454545454547,0,0,0,22.045454545454547
825,22.045454545454547,0,0,0,22.045454545454547
826,22.045454545454547,0,0,0,22.045454545454547
827,22.045454545454547,0,0,0,22.045454545454547
828,22.045454545454547,0,0,0,22.045454545454547
829,22.045454545454547,0,0,0,22.045454545454547
830,22.045454545454547,0,0,0,22.045454545454547
831,22.045454545454547,0,0,0,22.045454545454547
832,22.045454545454547,0,0,0,22.045454545454547
833,22.045454545454547,0,0,0,22.045454545454547
834,22.045454545454547,0,0,0,22.045454545454547
835,22.045454545454547,0,0,0,22.045454545454547
836,22.045454545454547,0,0,0,22.045454545454547
837,22.045454545454547,0,0,0,22.045454545454547
838,22.045454545454547,0,0,0,22.045454545454547
839,22.045454545454547,0,0,0,22.045454545454547
840,22.045454545454547,0,0,0,22.045454545454547
841,22.045454545454547,0,0,0,22.045454545454547
842,22.045454545454547,0,0,0,22.045454545454547
843,22.045454545454547,0,0,0,22.045454545454547
844,22.045454545454547,0,0,0,22.045454545454547
845,22.045454545454547,0,0,0,22.045454545454547
846,22.045454545454547,0,0,0,22.045454545454547
847,22.045454545454547,0,0,0,22.045454545454547
848,22.045454545454547,0,0,0,22.045454545454547
849,22.045454545454547,0,0,0,22.045454545454547
850,22.045454545454547,0,0,0,22.045454545454547
851,22.045454545454547,0,0,0,22.045454545454547
852,22.045454545454547,0,0,0,22.045454545454547
853,22.045454545454547,0,0,0,22.045454545454547
854,22.045454545454547,0,0,0,22.045454545454547
855,22.045454545454547,0,0,0,22.045454545454547
856,22.045454545454547,0,0,0,22.045454545454547
857,22.045454545454547,0,0,0,22.045454545454547
858,22.045454545454547,0,0,0,22.045454545454547
859,22.045454545454547,0,0,0,22.045454545454547
860,22.045454545454547,0,0,0,22.045454545454547
861,22.045454545454547,0,0,0,22.045454545454547
862,22.045454545454547,0,0,0,22.045454545454547
863,22.045454545454547,0,0,0,22.045454545454547
864,22.045454545454547,0,0,0,22.045454545454547
865,22.045454545454547,0,0,0,22.045454545454547
866,22.045454545454547,0,0,0,22.045454545454547
867,22.045454545454547,0,0,0,22.045454545454547
868,22.045454545454547,0,0,0,22.045454545454547
869,22.045454545454547,0,0,0,22.045454545454547
870,22.045454545454547,0,0,0,22.045454545454547
871,22.045454545454547,0,0,0,22.045454545454547
872,22.045454545454547,0,0,0,22.045454545454547
873,22.045454545454547,0,0,0,22.045454545454547
874,22.045454545454547,0,0,0,22.045454545454547
875,22.045454545454547,0,0,0,22.045454545454547
876,22.045454545454547,0,0,0,22.045454545454547
877,22.045454545454547,0,0,0,22.045454545454547
878,22.045454545454547,0,0,0,22.045454545454547
879,22.045454545454547,0,0,0,22.045454545454547
880,22.045454545454547,0,0,0,22.045454545454547
881,22.045454545454547,0,0,0,22.045454545454547
882,22.045454545454547,0,0,0,22.045454545454547
883,22.045454545454547,0,0,0,22.045454545454547
884,22.045454545454547,0,0,0,22.045454545454547
885,22.045454545454547,0,0,0,22.045454545454547
886,22.045454545454547,0,0,0,22.045454545454547
887,22.045454545454547,0,0,0,22.045454545454547
888,22.045454545454547,0,0,0,22.045454545454547
889,22.045454545454547,0,0,0,22.045454545454547
890,22.045454545454547,0,0,0,22.045454545454547
891,22.045454545454547,0,0,0,22.045454545454547
892,22.045454545454547,0,0,0,22.045454545454547
893,22.045454545454547,0,0,0,22.045454545454547
894,22.045454545454547,0,0,0,22.045454545454547
895,22.045454545454547,0,0,0,22.045454545454547
896,22.045454545454547,0,0,0,22.045454545454547
897,22.045454545454547,0,0,0,22.045454545454547
898,22.045454545454547,0,0,0,22.045454545454547
899,22.045454545454547,0,0,0,22.045454545454547
900,22.045454545454547,0,0,0,22.045454545454547
901,22.045454545454547,0,0,0,22.045454545454547
902,22.045454545454547,0,0,0,22.045454545454547
903,22.045454545454547,0,0,0,22.045454545454547
904,22.045454545454547,0,0,0,22.045454545454547
905,22.045454545454547,0,0,0,22.045454545454547
906,22.045454545454547,0,0,0,22.045454545454547
907,22.045454545454547,0,0,0,22.045454545454547
908,22.045454545454547,0,0,0,22.045454545454547
909,22.045454545454547,0,0,0,22.045454545454547
910,22.045454545454547,0,0,0,22.045454545454547
911,22.045454545454547,0,0,0,22.045454545454547
912,22.045454545454547,0,0,0,22.045454545454547
913,22.045454545454547,0,0,0,22.045454545454547
914,22.045454545454547,0,0,0,22.045454545454547
915,22.045454545454547,0,0,0,22.045454545454547
916,22.045454545454547,0,0,0,22.045454545454547
917,22.045454545454547,0,0,0,22.045454545454547
918,22.045454545454547,0,0,0,22.045454545454547
919,22.045454545454547,0,0,0,22.045454545454547
920,22.045454545454547,0,0,0,22.045454545454547
921,22.045454545454547,0,0,0,22.045454545454547
922,22.045454545454547,0,0,0,22.045454545454547
923,22.045454545454547,0,0,0,22.045454545454547
924,22.045454545454547,0,0,0,22.045454545454547
925,22.045454545454547,0,0,0,22.045454545454547
926,22.045454545454547,0,0,0,22.045454545454547
927,22.045454545454547,0,0,0,22.045454545454547
928,22.045454545454547,0,0,0,22.045454545454547
929,22.045454545454547,0,0,0,22.045454545454547
930,22.045454545454547,0,0,0,22.045454545454547
931,22.045454545454547,0,0,0,22.045454545454547
932,22.045454545454547,0,0,0,22.045454545454547
933,22.045454545454547,0,0,0,22.045454545454547
934,22.045454545454547,0,0,0,22.045454545454547
935,22.045454545454547,0,0,0,22.045454545454547
936,22.045454545454547,0,0,0,22.045454545454547
937,22.045454545454547,0,0,0,22.045454545454547
938,22.045454545454547,0,0,0,22.045454545454547
939,22.045454545454547,0,0,0,22.045454545454547
940,22.045454545454547,0,0,0,22.045454545454547
941,22.045454545454547,0,0,0,22.045454545454547
942,22.045454545454547,0,0,0,22.045454545454547
943,22.045454545454547,0,0,0,22.045454545454547
944,22.045454545454547,0,0,0,22.045454545454547
945,22.045454545454547,0,0,0,22.045454545454547
946,22.045454545454547,0,0,0,22.045454545454547
947,22.045454545454547,0,0,0,22.045454545454547
948,22.045454545454547,0,0,0,22.045454545454547
949,22.045454545454547,0,0,0,22.045454545454547
950,22.045454545454547,0,0,0,22.045454545454547
951,22.045454545454547,0,0,0,22.045454545454547
952,22.045454545454547,0,0,0,22.045454545454547
953,22.045454545454547,0,0,0,22.045454545454547
954,22.045454545454547,0,0,0,22.045454545454547
955,22.045454545454547,0,0,0,22.045454545454547
956,22.045454545454547,0,0,0,22.045454545454547
957,22.045454545454547,0,0,0,22.045454545454547
958,22.045454545454547,0,0,0,22.045454545454547
959,22.045454545454547,0,0,0,22.045454545454547
960,22.045454545454547,0,0,0,22.045454545454547
961,22.045454545454547,0,0,0,22.045454545454547
962,22.045454545454547,0,0,0,22.045454545454547
963,22.045454545454547,0,0,0,22.045454545454547
964,22.045454545454547,0,0,0,22.045454545454547
965,22.045454545454547,0,0,0,22.045454545454547
966,22.045454545454547,0,0,0,22.045454545454547
967,22.045454545454547,0,0,0,22.045454545454547
968,22.045454545454547,0,0,0,22.045454545454547
969,22.045454545454547,0,0,0,22.045454545454547
970,22.045454545454547,0,0,0,22.045454545454547
971,22.045454545454547,0,0,0,22.045454545454547
972,22.045454545454547,0,0,0,22.045454545454547
973,22.045454545454547,0,0,0,22.045454545454547
974,22.045454545454547,0,0,0,22.045454545454547
975,22.045454545454547,0,0,0,22.045454545454547
976,22.045454545454547,0,0,0,22.045454545454547
977,22.045454545454547,0,0,0,22.045454545454547
978,22.045454545454547,0,0,0,22.045454545454547
979,22.045454545454547,0,0,0,22.045454545454547
980,22.045454545454547,0,0,0,22.045454545454547
981,22.045454545454547,0,0,0,22.045454545454547
982,22.045454545454547,0,0,0,22.045454545454547
983,22.045454545454547,0,0,0,22.045454545454547
984,22.045454545454547,0,0,0,22.045454545454547
985,22.045454545454547,0,0,0,22.045454545454547
986,22.045454545454547,0,0,0,22.045454545454547
987,22.045454545454547,0,0,0,22.045454545454547
988,22.045454545454547,0,0,0,22.045454545454547
989,22.045454545454547,0,0,0,22.045454545454547
990,22.045454545454547,0,0,0,22.045454545454547
991,22.045454545454547,0,0,0,22.045454545454547
992,22.045454545454547,0,0,0,22.045454545454547
993,22.045454545454547,0,0,0,22.045454545454547
994,22.045454545454547,0,0,0,22.045454545454547
995,22.045454545454547,0,0,0,22.045454545454547
996,22.045454545454547,0,0,0,22.045454545454547
997,22.045454545454547,0,0,0,22.045454545454547
998,22.045454545454547,0,0,0,22.045454545454547
999,22.045454545454547,0,0,0,22.045454545454547
1000,22.045454545454547,0,0,0,22.045454545454547
1001,22.045454545454547,0,0,0,22.045454545454547
1002,22.045454545454547,0,0,0,22.045454545454547
1003,22.045454545454547,0,0,0,22.045454545454547
1004,22.045454545454547,0,0,0,22.045454545454547
1005,22.045454545454547,0,0,0,22.045454545454547
1006,22.045454545454547,0,0,0,22.045454545454547
1007,22.045454545454547,0,0,0,22.045454545454547
1008,22.045454545454547,0,0,0,22.045454545454547
1009,22.045454545454547,0,0,0,22.045454545454547
1010,22.045454545454547,0,0,0,22.045454545454547
1011,22.045454545454547,0,0,0,22.045454545454547
1012,22.045454545454547,0,0,0,22.045454545454547
1013,22.045454545454547,0,0,0,22.045454545454547
1014,22.045454545454547,0,0,0,22.045454545454547
1015,22.045454545454547,0,0,0,22.045454545454547
1016,22.045454545454547,0,0,0,22.045454545454547
1017,22.045454545454547,0,0,0,22.045454545454547
1018,22.045454545454547,0,0,0,22.045454545454547
1019,22.045454545454547,0,0,0,22.045454545454547
1020,22.045454545454547,0,0,0,22.045454545454547
1021,22.045454545454547,0,0,0,22.045454545454547
1022,22.045454545454547,0,0,0,22.045454545454547
1023,22.045454545454547,0,0,0,22.045454545454547
1024,22.045454545454547,0,0,0,22.045454545454547
1025,22.045454545454547,0,0,0,22.045454545454547
1026,22.045454545454547,0,0,0,22.045454545454547
1027,22.045454545454547,0,0,0,22.045454545454547
1028,22.045454545454547,0,0,0,22.045454545454547
1029,22.045454545454547,0,0,0,22.045454545454547
1030,22.045454545454547,0,0,0,22.045454545454547
1031,22.045454545454547,0,0,0,22.045454545454547
1032,22.045454545454547,0,0,0,22.045454545454547
1033,22.045454545454547,0,0,0,22.045454545454547
1034,22.045454545454547,0,0,0,22.045454545454547
1035,22.045454545454547,0,0,0,22.045454545454547
1036,22.045454545454547,0,0,0,22.045454545454547
1037,22.045454545454547,0,0,0,22.045454545454547
1038,22.045454545454547,0,0,0,22.045454545454547
1039,22.045454545454547,0,0,0,22.045454545454547
1040,22.045454545454547,0,0,0,22.045454545454547
1041,22.045454545454547,0,0,0,22.045454545454547
1042,22.045454545454547,0,0,0,22.045454545454547
1043,22.045454545454547,0,0,0,22.045454545454547
1044,22.045454545454547,0,0,0,22.045454545454547
1045,22.045454545454547,0,0,0,22.045454545454547
1046,22.045454545454547,0,0,0,22.045454545454547
1047,22.045454545454547,0,0,0,22.045454545454547
1048,22.045454545454547,0,0,0,22.045454545454547
1049,22.045454545454547,0,0,0,22.045454545454547
1050,22.045454545454547,0,0,0,22.045454545454547
1051,22.045454545454547,0,0,0,22.045454545454547
1052,22.045454545454547,0,0,0,22.045454545454547
1053,22.045454545454547,0,0,0,22.045454545454547
1054,22.045454545454547,0,0,0,22.045454545454547
1055,22.045454545454547,0,0,0,22.045454545454547
1056,22.045454545454547,0,0,0,22.045454545454547
1057,22.045454545454547,0,0,0,22.045454545454547
1058,22.045454545454547,0,0,0,22.045454545454547
1059,22.045454545454547,0,0,0,22.045454545454547
1060,22.045454545454547,0,0,0,22.045454545454547
1061,22.045454545454547,0,0,0,22.045454545454547
1062,22.045454545454547,0,0,0,22.045454545454547
1063,22.045454545454547,0,0,0,22.045454545454547
1064,22.045454545454547,0,0,0,22.045454545454547
1065,22.045454545454547,0,0,0,22.045454545454547
1066,22.045454545454547,0,0,0,22.045454545454547
1067,22.045454545454547,0,0,0,22.045454545454547
1068,22.045454545454547,0,0,0,22.045454545454547
1069,22.045454545454547,0,0,0,22.045454545454547
1070,22.045454545454547,0,0,0,22.045454545454547
1071,22.045454545454547,0,0,0,22.045454545454547
1072,22.045454545454547,0,0,0,22.045454545454547
1073,22.045454545454547,0,0,0,22.045454545454547
1074,22.045454545454547,0,0,0,22.045454545454547
1075,22.045454545454547,0,0,0,22.045454545454547
1076,22.045454545454547,0,0,0,22.045454545454547
1077,22.045454545454547,0,0,0,22.045454545454547
1078,22.045454545454547,0,0,0,22.045454545454547
1079,22.045454545454547,0,0,0,22.045454545454547
1080,22.045454545454547,0,0,0,22.045454545454547
1081,22.045454545454547,0,0,0,22.045454545454547
1082,22.045454545454547,0,0,0,22.045454545454547
1083,22.045454545454547,0,0,0,22.045454545454547
1084,22.045454545454547,0,0,0,22.045454545454547
1085,22.045454545454547,0,0,0,22.045454545454547
1086,22.045454545454547,0,0,0,22.045454545454547
1087,22.045454545454547,0,0,0,22.045454545454547
1088,22.045454545454547,0,0,0,22.045454545454547
1089,22.045454545454547,0,0,0,22.045454545454547
1090,22.045454545454547,0,0,0,22.045454545454547
1091,22.045454545454547,0,0,0,22.045454545454547
1092,22.045454545454547,0,0,0,22.045454545454547
1093,22.045454545454547,0,0,0,22.045454545454547
1094,22.045454545454547,0,0,0,22.045454545454547
1095,22.045454545454547,0,0,0,22.045454545454547
1096,22.045454545454547,0,0,0,22.045454545454547
1097,22.045454545454547,0,0,0,22.045454545454547
1098,22.045454545454547,0,0,0,22.045454545454547
1099,22.045454545454547,0,0,0,22.045454545454547
1100,22.045454545454547,0,0,0,22.045454545454547
1101,22.045454545454547,0,0,0,22.045454545454547
1102,22.045454545454547,0,0,0,22.045454545454547
1103,22.045454545454547,0,0,0,22.045454545454547
1104,22.045454545454547,0,0,0,22.045454545454547
1105,22.045454545454547,0,0,0,22.045454545454547
1106,22.045454545454547,0,0,0,22.045454545454547
1107,22.045454545454547,0,0,0,22.045454545454547
1108,22.045454545454547,0,0,0,22.045454545454547
1109,22.045454545454547,0,0,0,22.045454545454547
1110,22.045454545454547,0,0,0,22.045454545454547
1111,22.045454545454547,0,0,0,22.045454545454547
1112,22.045454545454547,0,0,0,22.045454545454547
1113,22.045454545454547,0,0,0,22.045454545454547
1114,22.045454545454547,0,0,0,22.045454545454547
1115,22.045454545454547,0,0,0,22.045454545454547
1116,22.045454545454547,0,0,0,22.045454545454547
1117,22.045454545454547,0,0,0,22.045454545454547
1118,22.045454545454547,0,0,0,22.045454545454547
1119,22.045454545454547,0,0,0,22.045454545454547
1120,22.045454545454547,0,0,0,22.045454545454547
1121,22.045454545454547,0,0,0,22.045454545454547
1122,22.045454545454547,0,0,0,22.045454545454547
1123,22.045454545454547,0,0,0,22.045454545454547
1124,22.045454545454547,0,0,0,22.045454545454547
1125,22.045454545454547,0,0,0,22.045454545454547
1126,22.045454545454547,0,0,0,22.045454545454547
1127,22.045454545454547,0,0,0,22.045454545454547
1128,22.045454545454547,0,0,0,22.045454545454547
1129,22.045454545454547,0,0,0,22.045454545454547
1130,22.045454545454547,0,0,0,22.045454545454547
1131,22.045454545454547,0,0,0,22.045454545454547
1132,22.045454545454547,0,0,0,22.045454545454547
1133,22.045454545454547,0,0,0,22.045454545454547
1134,22.045454545454547,0,0,0,22.045454545454547
1135,22.045454545454547,0,0,0,22.045454545454547
1136,22.045454545454547,0,0,0,22.045454545454547
1137,22.045454545454547,0,0,0,22.045454545454547
1138,22.045454545454547,0,0,0,22.045454545454547
1139,22.045454545454547,0,0,0,22.045454545454547
1140,22.045454545454547,0,0,0,22.045454545454547
1141,22.045454545454547,0,0,0,22.045454545454547
1142,22.045454545454547,0,0,0,22.045454545454547
1143,22.045454545454547,0,0,0,22.045454545454547
1144,22.045454545454547,0,0,0,22.045454545454547
1145,22.045454545454547,0,0,0,22.045454545454547
1146,22.045454545454547,0,0,0,22.045454545454547
1147,22.045454545454547,0,0,0,22.045454545454547
1148,22.045454545454547,0,0,0,22.045454545454547
1149,22.045454545454547,0,0,0,22.045454545454547
1150,22.045454545454547,0,0,0,22.045454545454547
1151,22.045454545454547,0,0,0,22.045454545454547
1152,22.045454545454547,0,0,0,22.045454545454547
1153,22.045454545454547,0,0,0,22.045454545454547
1154,22.045454545454547,0,0,0,22.045454545454547
1155,22.045454545454547,0,0,0,22.045454545454547
1156,22.045454545454547,0,0,0,22.045454545454547
1157,22.045454545454547,0,0,0,22.045454545454547
1158,22.045454545454547,0,0,0,22.045454545454547
1159,22.045454545454547,0,0,0,22.045454545454547
1160,22.045454545454547,0,0,0,22.045454545454547
1161,22.045454545454547,0,0,0,22.045454545454547
1162,22.045454545454547,0,0,0,22.045454545454547
1163,22.045454545454547,0,0,0,22.045454545454547
1164,22.045454545454547,0,0,0,22.045454545454547
1165,22.045454545454547,0,0,0,22.045454545454547
1166,22.045454545454547,0,0,0,22.045454545454547
1167,22.045454545454547,0,0,0,22.045454545454547
1168,22.045454545454547,0,0,0,22.045454545454547
1169,22.045454545454547,0,0,0,22.045454545454547
1170,22.045454545454547,0,0,0,22.045454545454547
1171,22.045454545454547,0,0,0,22.045454545454547
1172,22.045454545454547,0,0,0,22.045454545454547
1173,22.045454545454547,0,0,0,22.045454545454547
1174,22.045454545454547,0,0,0,22.045454545454547
1175,22.045454545454547,0,0,0,22.045454545454547
1176,22.045454545454547,0,0,0,22.045454545454547
1177,22.045454545454547,0,0,0,22.045454545454547
1178,22.045454545454547,0,0,0,22.045454545454547
1179,22.045454545454547,0,0,0,22.045454545454547
1180,22.045454545454547,0,0,0,22.045454545454547
1181,22.045454545454547,0,0,0,22.045454545454547
1182,22.045454545454547,0,0,0,22.045454545454547
1183,22.045454545454547,0,0,0,22.045454545454547
1184,22.045454545454547,0,0,0,22.045454545454547
1185,22.045454545454547,0,0,0,22.045454545454547
1186,22.045454545454547,0,0,0,22.045454545454547
1187,22.045454545454547,0,0,0,22.045454545454547
1188,22.045454545454547,0,0,0,22.045454545454547
1189,22.045454545454547,0,0,0,22.045454545454547
1190,22.045454545454547,0,0,0,22.045454545454547
1191,22.045454545454547,0,0,0,22.045454545454547
1192,22.045454545454547,0,0,0,22.045454545454547
1193,22.045454545454547,0,0,0,22.045454545454547
1194,22.045454545454547,0,0,0,22.045454545454547
1195,22.045454545454547,0,0,0,22.045454545454547
1196,22.045454545454547,0,0,0,22.045454545454547
1197,22.045454545454547,0,0,0,22.045454545454547
1198,22.045454545454547,0,0,0,22.045454545454547
1199,22.045454545454547,0,0,0,22.045454545454547
1200,22.045454545454547,0,0,0,22.045454545454547
1201,22.045454545454547,0,0,0,22.045454545454547
1202,22.045454545454547,0,0,0,22.045454545454547
1203,22.045454545454547,0,0,0,22.045454545454547
1204,22.045454545454547,0,0,0,22.045454545454547
1205,22.045454545454547,0,0,0,22.045454545454547
1206,22.045454545454547,0,0,0,22.045454545454547
1207,22.045454545454547,0,0,0,22.045454545454547
1208,22.045454545454547,0,0,0,22.045454545454547
1209,22.045454545454547,0,0,0,22.045454545454547
1210,22.045454545454547,0,0,0,22.045454545454547
1211,22.045454545454547,0,0,0,22.045454545454547
1212,22.045454545454547,0,0,0,22.045454545454547
1213,22.045454545454547,0,0,0,22.045454545454547
1214,22.045454545454547,0,0,0,22.045454545454547
1215,22.045454545454547,0,0,0,22.045454545454547
1216,22.045454545454547,0,0,0,22.045454545454547
1217,22.045454545454547,0,0,0,22.045454545454547
1218,22.045454545454547,0,0,0,22.045454545454547
1219,22.045454545454547,0,0,0,22.045454545454547
1220,22.045454545454547,0,0,0,22.045454545454547
1221,22.045454545454547,0,0,0,22.045454545454547
1222,22.045454545454547,0,0,0,22.045454545454547
1223,22.045454545454547,0,0,0,22.045454545454547
1224,22.045454545454547,0,0,0,22.045454545454547
1225,22.045454545454547,0,0,0,22.045454545454547
1226,22.045454545454547,0,0,0,22.045454545454547
1227,22.045454545454547,0,0,0,22.045454545454547
1228,22.045454545454547,0,0,0,22.045454545454547
1229,22.045454545454547,0,0,0,22.045454545454547
1230,22.045454545454547,0,0,0,22.045454545454547
1231,22.045454545454547,0,0,0,22.045454545454547
1232,22.045454545454547,0,0,0,22.045454545454547
1233,22.045454545454547,0,0,0,22.045454545454547
1234,22.045454545454547,0,0,0,22.045454545454547
1235,22.045454545454547,0,0,0,22.045454545454547
1236,22.045454545454547,0,0,0,22.045454545454547
1237,22.045454545454547,0,0,0,22.045454545454547
1238,22.045454545454547,0,0,0,22.045454545454547
1239,22.045454545454547,0,0,0,22.045454545454547
1240,22.045454545454547,0,0,0,22.045454545454547
1241,22.045454545454547,0,0,0,22.045454545454547
1242,22.045454545454547,0,0,0,22.045454545454547
1243,22.045454545454547,0,0,0,22.045454545454547
1244,22.045454545454547,0,0,0,22.045454545454547
1245,22.045454545454547,0,0,0,22.045454545454547
1246,22.045454545454547,0,0,0,22.045454545454547
1247,22.045454545454547,0,0,0,22.045454545454547
1248,22.045454545454547,0,0,0,22.045454545454547
1249,22.045454545454547,0,0,0,22.045454545454547
1250,22.045454545454547,0,0,0,22.045454545454547
1251,22.045454545454547,0,0,0,22.045454545454547
1252,22.045454545454547,0,0,0,22.045454545454547
1253,22.045454545454547,0,0,0,22.045454545454547
1254,22.045454545454547,0,0,0,22.045454545454547
1255,22.045454545454547,0,0,0,22.045454545454547
1256,22.045454545454547,0,0,0,22.045454545454547
1257,22.045454545454547,0,0,0,22.045454545454547
1258,22.045454545454547,0,0,0,22.045454545454547
1259,22.045454545454547,0,0,0,22.045454545454547
1260,22.045454545454547,0,0,0,22.045454545454547
1261,22.045454545454547,0,0,0,22.045454545454547
1262,22.045454545454547,0,0,0,22.045454545454547
1263,22.045454545454547,0,0,0,22.045454545454547
1264,22.045454545454547,0,0,0,22.045454545454547
1265,22.045454545454547,0,0,0,22.045454545454547
1266,22.045454545454547,0,0,0,22.045454545454547
1267,22.045454545454547,0,0,0,22.045454545454547
1268,22.045454545454547,0,0,0,22.045454545454547
1269,22.045454545454547,0,0,0,22.045454545454547
1270,22.045454545454547,0,0,0,22.045454545454547
1271,22.045454545454547,0,0,0,22.045454545454547
1272,22.045454545454547,0,0,0,22.045454545454547
1273,22.045454545454547,0,0,0,22.045454545454547
1274,22.045454545454547,0,0,0,22.045454545454547
1275,22.045454545454547,0,0,0,22.045454545454547
1276,22.045454545454547,0,0,0,22.045454545454547
1277,22.045454545454547,0,0,0,22.045454545454547
1278,22.045454545454547,0,0,0,22.045454545454547
1279,22.045454545454547,0,0,0,22.045454545454547
1280,22.045454545454547,0,0,0,22.045454545454547
1281,22.045454545454547,0,0,0,22.045454545454547
1282,22.045454545454547,0,0,0,22.045454545454547
1283,22.045454545454547,0,0,0,22.045454545454547
1284,22.045454545454547,0,0,0,22.045454545454547
1285,22.045454545454547,0,0,0,22.045454545454547
1286,22.045454545454547,0,0,0,22.045454545454547
1287,22.045454545454547,0,0,0,22.045454545454547
1288,22.045454545454547,0,0,0,22.045454545454547
1289,22.045454545454547,0,0,0,22.045454545454547
1290,22.045454545454547,0,0,0,22.045454545454547
1291,22.045454545454547,0,0,0,22.045454545454547
1292,22.045454545454547,0,0,0,22.045454545454547
1293,22.045454545454547,0,0,0,22.045454545454547
1294,22.045454545454547,0,0,0,22.045454545454547
1295,22.045454545454547,0,0,0,22.045454545454547
1296,22.045454545454547,0,0,0,22.045454545454547
1297,22.045454545454547,0,0,0,22.045454545454547
1298,22.045454545454547,0,0,0,22.045454545454547
1299,22.045454545454547,0,0,0,22.045454545454547
1300,22.045454545454547,0,0,0,22.045454545454547
1301,22.045454545454547,0,0,0,22.045454545454547
1302,22.045454545454547,0,0,0,22.045454545454547
1303,22.045454545454547,0,0,0,22.045454545454547
1304,22.045454545454547,0,0,0,22.045454545454547
1305,22.045454545454547,0,0,0,22.045454545454547
1306,22.045454545454547,0,0,0,22.045454545454547
1307,22.045454545454547,0,0,0,22.045454545454547
1308,22.045454545454547,0,0,0,22.045454545454547
1309,22.045454545454547,0,0,0,22.045454545454547
1310,22.045454545454547,0,0,0,22.045454545454547
1311,22.045454545454547,0,0,0,22.045454545454547
1312,22.045454545454547,0,0,0,22.045454545454547
1313,22.045454545454547,0,0,0,22.045454545454547
1314,22.045454545454547,0,0,0,22.045454545454547
1315,22.045454545454547,0,0,0,22.045454545454547
1316,22.045454545454547,0,0,0,22.045454545454547
1317,22.045454545454547,0,0,0,22.045454545454547
1318,22.045454545454547,0,0,0,22.045454545454547
1319,22.045454545454547,0,0,0,22.045454545454547
1320,22.045454545454547,0,0,0,22.045454545454547
1321,22.045454545454547,0,0,0,22.045454545454547
1322,22.045454545454547,0,0,0,22.045454545454547
1323,22.045454545454547,0,0,0,22.045454545454547
1324,22.045454545454547,0,0,0,22.045454545454547
1325,22.045454545454547,0,0,0,22.045454545454547
1326,22.045454545454547,0,0,0,22.045454545454547
1327,22.045454545454547,0,0,0,22.045454545454547
1328,22.045454545454547,0,0,0,22.045454545454547
1329,22.045454545454547,0,0,0,22.045454545454547
1330,22.045454545454547,0,0,0,22.045454545454547
1331,22.045454545454547,0,0,0,22.045454545454547
1332,22.045454545454547,0,0,0,22.045454545454547
1333,22.045454545454547,0,0,0,22.045454545454547
1334,22.045454545454547,0,0,0,22.045454545454547
1335,22.045454545454547,0,0,0,22.045454545454547
1336,22.045454545454547,0,0,0,22.045454545454547
1337,22.045454545454547,0,0,0,22.045454545454547
1338,22.045454545454547,0,0,0,22.045454545454547
1339,22.045454545454547,0,0,0,22.045454545454547
1340,22.045454545454547,0,0,0,22.045454545454547
1341,22.045454545454547,0,0,0,22.045454545454547
1342,22.045454545454547,0,0,0,22.045454545454547
1343,22.045454545454547,0,0,0,22.045454545454547
1344,22.045454545454547,0,0,0,22.045454545454547
1345,22.045454545454547,0,0,0,22.045454545454547
1346,22.045454545454547,0,0,0,22.045454545454547
1347,22.045454545454547,0,0,0,22.045454545454547
1348,22.045454545454547,0,0,0,22.045454545454547
1349,22.045454545454547,0,0,0,22.045454545454547
1350,22.045454545454547,0,0,0,22.045454545454547
1351,22.045454545454547,0,0,0,22.045454545454547
1352,22.045454545454547,0,0,0,22.045454545454547
1353,22.045454545454547,0,0,0,22.045454545454547
1354,22.045454545454547,0,0,0,22.045454545454547
1355,22.045454545454547,0,0,0,22.045454545454547
1356,22.045454545454547,0,0,0,22.045454545454547
1357,22.045454545454547,0,0,0,22.045454545454547
1358,22.045454545454547,0,0,0,22.045454545454547
1359,22.045454545454547,0,0,0,22.045454545454547
1360,22.045454545454547,0,0,0,22.045454545454547
1361,22.045454545454547,0,0,0,22.045454545454547
1362,22.045454545454547,0,0,0,22.045454545454547
1363,22.045454545454547,0,0,0,22.045454545454547
1364,22.045454545454547,0,0,0,22.045454545454547
1365,22.045454545454547,0,0,0,22.045454545454547
1366,22.045454545454547,0,0,0,22.045454545454547
1367,22.045454545454547,0,0,0,22.045454545454547
1368,22.045454545454547,0,0,0,22.045454545454547
1369,22.045454545454547,0,0,0,22.045454545454547
1370,22.045454545454547,0,0,0,22.045454545454547
1371,22.045454545454547,0,0,0,22.045454545454547
1372,22.045454545454547,0,0,0,22.045454545454547
1373,22.045454545454547,0,0,0,22.045454545454547
1374,22.045454545454547,0,0,0,22.045454545454547
1375,22.045454545454547,0,0,0,22.045454545454547
1376,22.045454545454547,0,0,0,22.045454545454547
1377,22.045454545454547,0,0,0,22.045454545454547
1378,22.045454545454547,0,0,0,22.045454545454547
1379,22.045454545454547,0,0,0,22.045454545454547
1380,22.045454545454547,0,0,0,22.045454545454547
1381,22.045454545454547,0,0,0,22.045454545454547
1382,22.045454545454547,0,0,0,22.045454545454547
1383,22.045454545454547,0,0,0,22.045454545454547
1384,22.045454545454547,0,0,0,22.045454545454547
1385,22.045454545454547,0,0,0,22.045454545454547
1386,22.045454545454547,0,0,0,22.045454545454547
1387,22.045454545454547,0,0,0,22.045454545454547
1388,22.045454545454547,0,0,0,22.045454545454547
1389,22.045454545454547,0,0,0,22.045454545454547
1390,22.045454545454547,0,0,0,22.045454545454547
1391,22.045454545454547,0,0,0,22.045454545454547
1392,22.045454545454547,0,0,0,22.045454545454547
1393,22.045454545454547,0,0,0,22.045454545454547
1394,22.045454545454547,0,0,0,22.045454545454547
1395,22.045454545454547,0,0,0,22.045454545454547
1396,22.045454545454547,0,0,0,22.045454545454547
1397,22.045454545454547,0,0,0,22.045454545454547
1398,22.045454545454547,0,0,0,22.045454545454547
1399,22.045454545454547,0,0,0,22.045454545454547
1400,22.045454545454547,0,0,0,22.045454545454547
1401,22.045454545454547,0,0,0,22.045454545454547
1402,22.045454545454547,0,0,0,22.045454545454547
1403,22.045454545454547,0,0,0,22.045454545454547
1404,22.045454545454547,0,0,0,22.045454545454547
1405,22.045454545454547,0,0,0,22.045454545454547
1406,22.045454545454547,0,0,0,22.045454545454547
1407,22.045454545454547,0,0,0,22.045454545454547
1408,22.045454545454547,0,0,0,22.045454545454547
1409,22.045454545454547,0,0,0,22.045454545454547
1410,22.045454545454547,0,0,0,22.045454545454547
1411,22.045454545454547,0,0,0,22.045454545454547
1412,22.045454545454547,0,0,0,22.045454545454547
1413,22.045454545454547,0,0,0,22.045454545454547
1414,22.045454545454547,0,0,0,22.045454545454547
1415,22.045454545454547,0,0,0,22.045454545454547
1416,22.045454545454547,0,0,0,22.045454545454547
1417,22.045454545454547,0,0,0,22.045454545454547
1418,22.045454545454547,0,0,0,22.045454545454547
1419,22.045454545454547,0,0,0,22.045454545454547
1420,22.045454545454547,0,0,0,22.045454545454547
1421,22.045454545454547,0,0,0,22.045454545454547
1422,22.045454545454547,0,0,0,22.045454545454547
1423,22.045454545454547,0,0,0,22.045454545454547
1424,22.045454545454547,0,0,0,22.045454545454547
1425,22.045454545454547,0,0,0,22.045454545454547
1426,22.045454545454547,0,0,0,22.045454545454547
1427,22.045454545454547,0,0,0,22.045454545454547
1428,22.045454545454547,0,0,0,22.045454545454547
1429,22.045454545454547,0,0,0,22.045454545454547
1430,22.045454545454547,0,0,0,22.045454545454547
1431,22.045454545454547,0,0,0,22.045454545454547
1432,22.045454545454547,0,0,0,22.045454545454547
1433,22.045454545454547,0,0,0,22.045454545454547
1434,22.045454545454547,0,0,0,22.045454545454547
1435,22.045454545454547,0,0,0,22.045454545454547
1436,22.045454545454547,0,0,0,22.045454545454547
1437,22.045454545454547,0,0,0,22.045454545454547
1438,22.045454545454547,0,0,0,22.045454545454547
1439,22.045454545454547,0,0,0,22.045454545454547
1440,22.045454545454547,0,0,0,22.045454545454547
1441,22.045454545454547,0,0,0,22.045454545454547
1442,22.045454545454547,0,0,0,22.045454545454547
1443,22.045454545454547,0,0,0,22.045454545454547
1444,22.045454545454547,0,0,0,22.045454545454547
1445,22.045454545454547,0,0,0,22.045454545454547
1446,22.045454545454547,0,0,0,22.045454545454547
1447,22.045454545454547,0,0,0,22.045454545454547
1448,22.045454545454547,0,0,0,22.045454545454547
1449,22.045454545454547,0,0,0,22.045454545454547
1450,22.045454545454547,0,0,0,22.045454545454547
1451,22.045454545454547,0,0,0,22.045454545454547
1452,22.045454545454547,0,0,0,22.045454545454547
1453,22.045454545454547,0,0,0,22.045454545454547
1454,22.045454545454547,0,0,0,22.045454545454547
1455,22.045454545454547,0,0,0,22.045454545454547
1456,22.045454545454547,0,0,0,22.045454545454547
1457,22.045454545454547,0,0,0,22.045454545454547
1458,22.045454545454547,0,0,0,22.045454545454547
1459,22.045454545454547,0,0,0,22.045454545454547
1460,22.045454545454547,0,0,0,22.045454545454547
1461,22.045454545454547,0,0,0,22.045454545454547
1462,22.045454545454547,0,0,0,22.045454545454547
1463,22.045454545454547,0,0,0,22.045454545454547
1464,22.045454545454547,0,0,0,22.045454545454547
1465,22.045454545454547,0,0,0,22.045454545454547
1466,22.045454545454547,0,0,0,22.045454545454547
1467,22.045454545454547,0,0,0,22.045454545454547
1468,22.045454545454547,0,0,0,22.045454545454547
1469,22.045454545454547,0,0,0,22.045454545454547
1470,22.045454545454547,0,0,0,22.045454545454547
1471,22.045454545454547,0,0,0,22.045454545454547
1472,22.045454545454547,0,0,0,22.045454545454547
1473,22.045454545454547,0,0,0,22.045454545454547
1474,22.045454545454547,0,0,0,22.045454545454547
1475,22.045454545454547,0,0,0,22.045454545454547
1476,22.045454545454547,0,0,0,22.045454545454547
1477,22.045454545454547,0,0,0,22.045454545454547
1478,22.045454545454547,0,0,0,22.045454545454547
1479,22.045454545454547,0,0,0,22.045454545454547
1480,22.045454545454547,0,0,0,22.045454545454547
1481,22.045454545454547,0,0,0,22.045454545454547
1482,22.045454545454547,0,0,0,22.045454545454547
1483,22.045454545454547,0,0,0,22.045454545454547
1484,22.045454545454547,0,0,0,22.045454545454547
1485,22.045454545454547,0,0,0,22.045454545454547
1486,22.045454545454547,0,0,0,22.045454545454547
1487,22.045454545454547,0,0,0,22.045454545454547
1488,22.045454545454547,0,0,0,22.045454545454547
1489,22.045454545454547,0,0,0,22.045454545454547
1490,22.045454545454547,0,0,0,22.045454545454547
1491,22.045454545454547,0,0,0,22.045454545454547
1492,22.045454545454547,0,0,0,22.045454545454547
1493,22.045454545454547,0,0,0,22.045454545454547
1494,22.045454545454547,0,0,0,22.045454545454547
1495,22.045454545454547,0,0,0,22.045454545454547
1496,22.045454545454547,0,0,0,22.045454545454547
1497,22.045454545454547,0,0,0,22.045454545454547
1498,22.045454545454547,0,0,0,22.045454545454547
1499,22.045454545454547,0,0,0,22.045454545454547
1500,22.045454545454547,0,0,0,22.045454545454547
1,1.0,0,0,0,1.0
2,1.0,0,0,0,1.0
3,1.0,0,0,0,1.0
4,1.0,0,0,0,1.0
5,1.0,0,0,0,1.0
6,1.0,0,0,0,1.0
7,1.0,0,0,0,1.0
8,1.0,1,0,0,2.0
9,2.0,0,0,0,2.0
10,2.0,0,0,0,2.0
11,2.0,0,0,0,2.0
12,2.0,0,0,0,2.0
13,2.0,0,0,0,2.0
14,2.0,0,0,0,2.0
15,2.0,1,0,0,3.0
16,3.0,0,0,0,3.0
17,3.0,0,0,0,3.0
18,3.0,0,0,0,3.0
19,3.0,0,0,0,3.0
20,3.0,0,0,0,3.0
21,3.0,0,0,0,3.0
22,3.0,1,0,0,4.0
23,4.0,0,0,0,4.0
24,4.0,0,0,0,4.0
25,4.0,0,0,0,4.0
26,4.0,0,0,0,4.0
27,4.0,0,0,0,4.0
28,4.0,0,0,0,4.0
29,4.0,1,0,0,5.0
30,5.0,0,0,0,5.0
31,5.0,0,0,0,5.0
32,5.0,0,0,0,5.0
33,5.0,0,0,0,5.0
34,5.0,0,0,0,5.0
35,5.0,0,0,0,5.0
36,5.0,1,0,0,6.0
37,6.0,0,0,0,6.0
38,6.0,0,0,0,6.0
39,6.0,0,0,0,6.0
40,6.0,0,0,0,6.0
41,6.0,0,0,0,6.0
42,6.0,0,0,0,6.0
43,6.0,1,0,0,7.0
44,7.0,0,0,0,7.0
45,7.0,0,0,0,7.0
46,7.0,0,0,0,7.0
47,7.0,0,0,0,7.0
48,7.0,0,0,0,7.0
49,7.0,0,0,0,7.0
50,7.0,1,0,0,8.0
51,8.0,0,1,1,1.0
52,1.0,0,0,0,1.0
53,1.0,0,0,0,1.0
54,1.0,0,0,0,1.0
55,1.0,0,0,0,1.0
56,1.0,0,0,0,1.0
57,1.0,1,0,0,2.0
58,2.0,0,0,0,2.0
59,2.0,0,0,0,2.0
60,2.0,0,0,0,2.0
61,2.0,0,0,0,2.0
62,2.0,0,0,0,2.0
63,2.0,0,0,0,2.0
64,2.0,0,0,0,2.0
65,2.0,0,1,1,1.0
66,1.0,0,0,0,1.0
67,1.0,0,0,0,1.0
68,1.0,0,0,0,1.0
69,1.0,0,0,0,1.0
70,1.0,0,0,0,1.0
71,1.0,0,0,0,1.0
72,1.0,1,0,0,2.0
73,2.0,0,0,0,2.0
74,2.0,0,0,0,2.0
75,2.0,0,0,0,2.0
76,2.0,0,0,0,2.0
77,2.0,0,0,0,2.0
78,2.0,0,0,0,2.0
79,2.0,1,0,0,3.0
80,3.0,0,0,0,3.0
81,3.0,0,0,0,3.0
82,3.0,0,0,0,3.0
83,3.0,0,0,0,3.0
84,3.0,0,0,0,3.0
85,3.0,0,0,0,3.0
86,3.0,1,0,0,4.0
87,4.0,0,1,1,1.0
88,1.0,0,0,0,1.0
89,1.0,0,0,0,1.0
90,1.0,0,0,0,1.0
91,1.0,0,0,0,1.0
92,1.0,0,0,0,1.0
93,1.0,1,0,0,2.0
94,2.0,0,0,0,2.0
95,2.0,0,0,0,2.0
96,2.0,0,0,0,2.0
97,2.0,0,0,0,2.0
98,2.0,0,0,0,2.0
99,2.0,0,0,0,2.0
100,2.0,1,0,0,3.0
101,3.0,0,1,1,1.0
102,1.0,0,0,0,1.0
103,1.0,0,0,0,1.0
104,1.0,0,0,0,1.0
105,1.0,0,0,0,1.0
106,1.0,0,0,0,1.0
107,1.0,1,0,0,2.0
108,2.0,0,0,0,2.0
109,2.0,0,0,0,2.0
110,2.0,0,0,0,2.0
111,2.0,0,0,0,2.0
112,2.0,0,0,0,2.0
113,2.0,0,0,0,2.0
114,2.0,1,0,0,3.0
115,3.0,0,1,1,1.0
116,1.0,0,0,0,1.0
117,1.0,0,0,0,1.0
118,1.0,0,0,0,1.0
119,1.0,0,0,0,1.0
120,1.0,0,0,0,1.0
121,1.0,1,0,0,2.0
122,2.0,0,0,0,2.0
123,2.0,0,0,0,2.0
124,2.0,0,0,0,2.0
125,2.0,0,0,0,2.0
126,2.0,0,0,0,2.0
127,2.0,0,0,0,2.0
128,2.0,1,0,0,3.0
129,3.0,0,1,1,1.0
130,1.0,0,0,0,1.0
131,1.0,0,0,0,1.0
132,1.0,0,0,0,1.0
133,1.0,0,0,0,1.0
134,1.0,0,0,0,1.0
135,1.0,1,0,0,2.0
136,2.0,0,0,0,2.0
137,2.0,0,0,0,2.0
138,2.0,0,0,0,2.0
139,2.0,0,0,0,2.0
140,2.0,0,0,0,2.0
141,2.0,0,0,0,2.0
142,2.0,1,0,0,3.0
143,3.0,0,0,0,3.0
144,3.0,0,0,0,3.0
145,3.0,0,0,0,3.0
146,3.0,0,0,0,3.0
147,3.0,0,0,0,3.0
148,3.0,0,0,0,3.0
149,3.0,1,0,0,4.0
150,4.0,0,1,1,1.0
151,1.0,0,0,0,1.0
152,1.0,0,0,0,1.0
153,1.0,0,0,0,1.0
154,1.0,0,0,0,1.0
155,1.0,0,0,0,1.0
156,1.0,1,0,0,2.0
157,2.0,0,0,0,2.0
158,2.0,0,0,0,2.0
159,2.0,0,0,0,2.0
160,2.0,0,0,0,2.0
161,2.0,0,0,0,2.0
162,2.0,0,0,0,2.0
163,2.0,1,0,0,3.0
164,3.0,0,1,1,1.0
165,1.0,0,0,0,1.0
166,1.0,0,0,0,1.0
167,1.0,0,0,0,1.0
168,1.0,0,0,0,1.0
169,1.0,0,0,0,1.0
170,1.0,1,0,0,2.0
171,2.0,0,0,0,2.0
172,2.0,0,0,0,2.0
173,2.0,0,0,0,2.0
174,2.0,0,0,0,2.0
175,2.0,0,0,0,2.0
176,2.0,0,0,0,2.0
177,2.0,1,0,0,3.0
178,3.0,0,1,1,1.0
179,1.0,0,0,0,1.0
180,1.0,0,0,0,1.0
181,1.0,0,0,0,1.0
182,1.0,0,0,0,1.0
183,1.0,0,0,0,1.0
184,1.0,1,0,0,2.0
185,2.0,0,0,0,2.0
186,2.0,0,0,0,2.0
187,2.0,0,0,0,2.0
188,2.0,0,0,0,2.0
189,2.0,0,0,0,2.0
190,2.0,0,0,0,2.0
191,2.0,1,0,0,3.0
192,3.0,0,1,1,1.0
193,1.0,0,0,0,1.0
194,1.0,0,0,0,1.0
195,1.0,0,0,0,1.0
196,1.0,0,0,0,1.0
197,1.0,0,0,0,1.0
198,1.0,1,0,0,2.0
199,2.0,0,0,0,2.0
200,2.0,0,0,0,2.0
201,2.0,0,0,0,2.0
202,2.0,0,0,0,2.0
203,2.0,0,0,0,2.0
204,2.0,0,0,0,2.0
205,2.0,1,0,0,3.0
206,3.0,0,0,0,3.0
207,3.0,0,0,0,3.0
208,3.0,0,0,0,3.0
209,3.0,0,0,0,3.0
210,3.0,0,0,0,3.0
211,3.0,0,0,0,3.0
212,3.0,1,0,0,4.0
213,4.0,0,1,1,1.0
214,1.0,0,0,0,1.0
215,1.0,0,0,0,1.0
216,1.0,0,0,0,1.0
217,1.0,0,0,0,1.0
218,1.0,0,0,0,1.0
219,1.0,1,0,0,2.0
220,2.0,0,0,0,2.0
221,2.0,0,0,0,2.0
222,2.0,0,0,0,2.0
223,2.0,0,0,0,2.0
224,2.0,0,0,0,2.0
225,2.0,0,0,0,2.0
226,2.0,1,0,0,3.0
227,3.0,0,1,1,1.0
228,1.0,0,0,0,1.0
229,1.0,0,0,0,1.0
230,1.0,0,0,0,1.0
231,1.0,0,0,0,1.0
232,1.0,0,0,0,1.0
233,1.0,1,0,0,2.0
234,2.0,0,0,0,2.0
235,2.0,0,0,0,2.0
236,2.0,0,0,0,2.0
237,2.0,0,0,0,2.0
238,2.0,0,0,0,2.0
239,2.0,0,0,0,2.0
240,2.0,1,0,0,3.0
241,3.0,0,1,1,1.0
242,1.0,0,0,0,1.0
243,1.0,0,0,0,1.0
244,1.0,0,0,0,1.0
245,1.0,0,0,0,1.0
246,1.0,0,0,0,1.0
247,1.0,1,0,0,2.0
248,2.0,0,0,0,2.0
249,2.0,0,0,0,2.0
250,2.0,0,0,0,2.0
251,2.0,0,0,0,2.0
252,2.0,0,0,0,2.0
253,2.0,0,0,0,2.0
254,2.0,1,0,0,3.0
255,3.0,0,1,1,1.0
256,1.0,0,0,0,1.0
257,1.0,0,0,0,1.0
258,1.0,0,0,0,1.0
259,1.0,0,0,0,1.0
260,1.0,0,0,0,1.0
261,1.0,1,0,0,2.0
262,2.0,0,0,0,2.0
263,2.0,0,0,0,2.0
264,2.0,0,0,0,2.0
265,2.0,0,0,0,2.0
266,2.0,0,0,0,2.0
267,2.0,0,0,0,2.0
268,2.0,1,0,0,3.0
269,3.0,0,0,0,3.0
270,3.0,0,0,0,3.0
271,3.0,0,0,0,3.0
272,3.0,0,0,0,3.0
273,3.0,0,0,0,3.0
274,3.0,0,0,0,3.0
275,3.0,1,0,0,4.0
276,4.0,0,0,0,4.0
277,4.0,0,0,0,4.0
278,4.0,0,0,0,4.0
279,4.0,0,0,0,4.0
280,4.0,0,0,0,4.0
281,4.0,0,0,0,4.0
282,4.0,1,0,0,5.0
283,5.0,0,0,0,5.0
284,5.0,0,0,0,5.0
285,5.0,0,0,0,5.0
286,5.0,0,0,0,5.0
287,5.0,0,0,0,5.0
288,5.0,0,0,0,5.0
289,5.0,1,0,0,6.0
290,6.0,0,0,0,6.0
291,6.0,0,0,0,6.0
292,6.0,0,0,0,6.0
293,6.0,0,0,0,6.0
294,6.0,0,0,0,6.0
295,6.0,0,0,0,6.0
296,6.0,1,0,0,7.0
297,7.0,0,0,0,7.0
298,7.0,0,0,0,7.0
299,7.0,0,0,0,7.0
300,7.0,0,0,0,7.0
301,7.0,0,0,0,7.0
302,7.0,0,0,0,7.0
303,7.0,1,0,0,8.0
304,8.0,0,0,0,8.0
305,8.0,0,0,0,8.0
306,8.0,0,0,0,8.0
307,8.0,0,0,0,8.0
308,8.0,0,0,0,8.0
309,8.0,0,0,0,8.0
310,8.0,1,0,0,9.0
311,9.0,0,0,0,9.0
312,9.0,0,0,0,9.0
313,9.0,0,0,0,9.0
314,9.0,0,0,0,9.0
315,9.0,0,0,0,9.0
316,9.0,0,0,0,9.0
317,9.0,1,0,0,10.0
318,10.0,0,0,0,10.0
319,10.0,0,0,0,10.0
320,10.0,0,0,0,10.0
321,10.0,0,0,0,10.0
322,10.0,0,0,0,10.0
323,10.0,0,0,0,10.0
324,10.0,1,0,0,11.0
325,11.0,0,0,0,11.0
326,11.0,0,0,0,11.0
327,11.0,0,0,0,11.0
328,11.0,0,0,0,11.0
329,11.0,0,0,0,11.0
330,11.0,0,0,0,11.0
331,11.0,1,0,0,12.0
332,12.0,0,0,0,12.0
333,12.0,0,0,0,12.0
334,12.0,0,0,0,12.0
335,12.0,0,0,0,12.0
336,12.0,0,0,0,12.0
337,12.0,0,0,0,12.0
338,12.0,1,0,0,13.0
339,13.0,0,0,0,13.0
340,13.0,0,0,0,13.0
341,13.0,0,0,0,13.0
342,13.0,0,0,0,13.0
343,13.0,0,0,0,13.0
344,13.0,0,0,0,13.0
345,13.0,1,0,0,14.0
346,14.0,0,0,0,14.0
347,14.0,0,0,0,14.0
348,14.0,0,0,0,14.0
349,14.0,0,0,0,14.0
350,14.0,0,0,0,14.0
351,14.0,0,0,0,14.0
352,14.0,1,0,0,15.0
353,15.0,0,0,0,15.0
354,15.0,0,0,0,15.0
355,15.0,0,0,0,15.0
356,15.0,0,0,0,15.0
357,15.0,0,0,0,15.0
358,15.0,0,0,0,15.0
359,15.0,1,0,0,16.0
360,16.0,0,0,0,16.0
361,16.0,0,0,0,16.0
362,16.0,0,0,0,16.0
363,16.0,0,0,0,16.0
364,16.0,0,0,0,16.0
365,16.0,0,0,0,16.0
366,16.0,1,0,0,17.0
367,17.0,0,0,0,17.0
368,17.0,0,0,0,17.0
369,17.0,0,0,0,17.0
370,17.0,0,0,0,17.0
371,17.0,0,0,0,17.0
372,17.0,0,0,0,17.0
373,17.0,1,0,0,18.0
374,18.0,0,0,0,18.0
375,18.0,0,0,0,18.0
376,18.0,0,0,0,18.0
377,18.0,0,0,0,18.0
378,18.0,0,0,0,18.0
379,18.0,0,0,0,18.0
380,18.0,1,0,0,19.0
381,19.0,0,0,0,19.0
382,19.0,0,0,0,19.0
383,19.0,0,0,0,19.0
384,19.0,0,0,0,19.0
385,19.0,0,0,0,19.0
386,19.0,0,0,0,19.0
387,19.0,1,0,0,20.0
388,20.0,0,0,0,20.0
389,20.0,0,0,0,20.0
390,20.0,0,0,0,20.0
391,20.0,0,0,0,20.0
392,20.0,0,0,0,20.0
393,20.0,0,0,0,20.0
394,20.0,1,0,0,21.0
395,21.0,0,0,0,21.0
396,21.0,0,0,0,21.0
397,21.0,0,0,0,21.0
398,21.0,0,0,0,21.0
399,21.0,0,0,0,21.0
400,21.0,0,0,0,21.0
401,21.0,1,0,0,22.0
402,22.0,0,0,0,22.0
403,22.0,0,0,0,22.0
404,22.0,0,0,0,22.0
405,22.0,0,0,0,22.0
406,22.0,0,0,0,22.0
407,22.0,0,0,0,22.0
408,22.0,1,0,0,23.0
409,23.0,0,0,0,23.0
410,23.0,0,0,0,23.0
411,23.0,0,0,0,23.0
412,23.0,0,0,0,23.0
413,23.0,0,0,0,23.0
414,23.0,0,0,0,23.0
415,23.0,1,0,0,24.0
416,24.0,0,0,0,24.0
417,24.0,0,0,0,24.0
418,24.0,0,0,0,24.0
419,24.0,0,0,0,24.0
420,24.0,0,0,0,24.0
421,24.0,0,0,0,24.0
422,24.0,1,0,0,25.0
423,25.0,0,0,0,25.0
424,25.0,0,0,0,25.0
425,25.0,0,0,0,25.0
426,25.0,0,0,0,25.0
427,25.0,0,0,0,25.0
428,25.0,0,0,0,25.0
429,25.0,1,0,0,26.0
430,26.0,0,0,0,26.0
431,26.0,0,0,0,26.0
432,26.0,0,0,0,26.0
433,26.0,0,0,0,26.0
434,26.0,0,0,0,26.0
435,26.0,0,0,0,26.0
436,26.0,1,0,0,27.0
437,27.0,0,0,0,27.0
438,27.0,0,0,0,27.0
439,27.0,0,0,0,27.0
440,27.0,0,0,0,27.0
441,27.0,0,0,0,27.0
442,27.0,0,0,0,27.0
443,27.0,1,0,0,28.0
444,28.0,0,0,0,28.0
445,28.0,0,0,0,28.0
446,28.0,0,0,0,28.0
447,28.0,0,0,0,28.0
448,28.0,0,0,0,28.0
449,28.0,0,0,0,28.0
450,28.0,1,0,0,29.0
451,29.0,0,0,0,29.0
452,29.0,0,0,0,29.0
453,29.0,0,0,0,29.0
454,29.0,0,0,0,29.0
455,29.0,0,0,0,29.0
456,29.0,0,0,0,29.0
457,29.0,1,0,0,30.0
458,30.0,0,0,0,30.0
459,30.0,0,0,0,30.0
460,30.0,0,0,0,30.0
461,30.0,0,0,0,30.0
462,30.0,0,0,0,30.0
463,30.0,0,0,0,30.0
464,30.0,1,0,0,31.0
465,31.0,0,0,0,31.0
466,31.0,0,0,0,31.0
467,31.0,0,0,0,31.0
468,31.0,0,0,0,31.0
469,31.0,0,0,0,31.0
470,31.0,0,0,0,31.0
471,31.0,1,0,0,32.0
472,32.0,0,0,0,32.0
473,32.0,0,0,0,32.0
474,32.0,0,0,0,32.0
475,32.0,0,0,0,32.0
476,32.0,0,0,0,32.0
477,32.0,0,0,0,32.0
478,32.0,1,0,0,33.0
479,33.0,0,0,0,33.0
480,33.0,0,0,0,33.0
481,33.0,0,0,0,33.0
482,33.0,0,0,0,33.0
483,33.0,0,0,0,33.0
484,33.0,0,0,0,33.0
485,33.0,1,0,0,34.0
486,34.0,0,0,0,34.0
487,34.0,0,0,0,34.0
488,34.0,0,0,0,34.0
489,34.0,0,0,0,34.0
490,34.0,0,0,0,34.0
491,34.0,0,0,0,34.0
492,34.0,1,0,0,35.0
493,35.0,0,1,1,1.0
494,1.0,0,0,0,1.0
495,1.0,0,0,0,1.0
496,1.0,0,0,0,1.0
497,1.0,0,0,0,1.0
498,1.0,0,0,0,1.0
499,1.0,1,0,0,2.0
500,2.0,0,1,1,1.0
501,1.0,0,0,0,1.0
502,1.0,0,0,0,1.0
503,1.0,0,0,0,1.0
504,1.0,0,0,0,1.0
505,1.0,0,0,0,1.0
506,1.0,0,0,0,1.0
507,1.0,0,1,1,1.0
508,1.0,0,0,0,1.0
509,1.0,0,0,0,1.0
510,1.0,0,0,0,1.0
511,1.0,0,0,0,1.0
512,1.0,0,0,0,1.0
513,1.0,0,0,0,1.0
514,1.0,1,0,0,2.0
515,2.0,0,0,0,2.0
516,2.0,0,0,0,2.0
517,2.0,0,0,0,2.0
518,2.0,0,0,0,2.0
519,2.0,0,0,0,2.0
520,2.0,0,0,0,2.0
521,2.0,1,0,0,3.0
522,3.0,0,0,0,3.0
523,3.0,0,0,0,3.0
524,3.0,0,0,0,3.0
525,3.0,0,0,0,3.0
526,3.0,0,0,0,3.0
527,3.0,0,0,0,3.0
528,3.0,1,0,0,4.0
529,4.0,0,0,0,4.0
530,4.0,0,0,0,4.0
531,4.0,0,0,0,4.0
532,4.0,0,0,0,4.0
533,4.0,0,0,0,4.0
534,4.0,0,0,0,4.0
535,4.0,1,0,0,5.0
536,5.0,0,0,0,5.0
537,5.0,0,0,0,5.0
538,5.0,0,0,0,5.0
539,5.0,0,0,0,5.0
540,5.0,0,0,0,5.0
541,5.0,0,0,0,5.0
542,5.0,1,0,0,6.0
543,6.0,0,0,0,6.0
544,6.0,0,0,0,6.0
545,6.0,0,0,0,6.0
546,6.0,0,0,0,6.0
547,6.0,0,0,0,6.0
548,6.0,0,0,0,6.0
549,6.0,1,0,0,7.0
550,7.0,0,0,0,7.0
551,7.0,0,0,0,7.0
552,7.0,0,0,0,7.0
553,7.0,0,0,0,7.0
554,7.0,0,0,0,7.0
555,7.0,0,0,0,7.0
556,7.0,1,0,0,8.0
557,8.0,0,0,0,8.0
558,8.0,0,0,0,8.0
559,8.0,0,0,0,8.0
560,8.0,0,0,0,8.0
561,8.0,0,0,0,8.0
562,8.0,0,0,0,8.0
563,8.0,1,0,0,9.0
564,9.0,0,0,0,9.0
565,9.0,0,0,0,9.0
566,9.0,0,0,0,9.0
567,9.0,0,0,0,9.0
568,9.0,0,0,0,9.0
569,9.0,0,0,0,9.0
570,9.0,1,0,0,10.0
571,10.0,0,0,0,10.0
572,10.0,0,0,0,10.0
573,10.0,0,0,0,10.0
574,10.0,0,0,0,10.0
575,10.0,0,0,0,10.0
576,10.0,0,0,0,10.0
577,10.0,1,0,0,11.0
578,11.0,0,0,0,11.0
579,11.0,0,0,0,11.0
580,11.0,0,0,0,11.0
581,11.0,0,0,0,11.0
582,11.0,0,0,0,11.0
583,11.0,0,0,0,11.0
584,11.0,1,0,0,12.0
585,12.0,0,0,0,12.0
586,12.0,0,0,0,12.0
587,12.0,0,0,0,12.0
588,12.0,0,0,0,12.0
589,12.0,0,0,0,12.0
590,12.0,0,0,0,12.0
591,12.0,1,0,0,13.0
592,13.0,0,0,0,13.0
593,13.0,0,0,0,13.0
594,13.0,0,0,0,13.0
595,13.0,0,0,0,13.0
596,13.0,0,0,0,13.0
597,13.0,0,0,0,13.0
598,13.0,1,0,0,14.0
599,14.0,0,0,0,14.0
600,14.0,0,0,0,14.0
601,14.0,0,0,0,14.0
602,14.0,0,0,0,14.0
603,14.0,0,0,0,14.0
604,14.0,0,0,0,14.0
605,14.0,1,0,0,15.0
606,15.0,0,0,0,15.0
607,15.0,0,0,0,15.0
608,15.0,0,0,0,15.0
609,15.0,0,0,0,15.0
610,15.0,0,0,0,15.0
611,15.0,0,0,0,15.0
612,15.0,1,0,0,16.0
613,16.0,0,0,0,16.0
614,16.0,0,0,0,16.0
615,16.0,0,0,0,16.0
616,16.0,0,0,0,16.0
617,16.0,0,0,0,16.0
618,16.0,0,0,0,16.0
619,16.0,1,0,0,17.0
620,17.0,0,0,0,17.0
621,17.0,0,0,0,17.0
622,17.0,0,0,0,17.0
623,17.0,0,0,0,17.0
624,17.0,0,0,0,17.0
625,17.0,0,0,0,17.0
626,17.0,1,0,0,18.0
627,18.0,0,0,0,18.0
628,18.0,0,0,0,18.0
629,18.0,0,0,0,18.0
630,18.0,0,0,0,18.0
631,18.0,0,0,0,18.0
632,18.0,0,0,0,18.0
633,18.0,1,0,0,19.0
634,19.0,0,0,0,19.0
635,19.0,0,0,0,19.0
636,19.0,0,0,0,19.0
637,19.0,0,0,0,19.0
638,19.0,0,0,0,19.0
639,19.0,0,0,0,19.0
640,19.0,1,0,0,20.0
641,20.0,0,0,0,20.0
642,20.0,0,0,0,20.0
643,20.0,0,0,0,20.0
644,20.0,0,0,0,20.0
645,20.0,0,0,0,20.0
646,20.0,0,0,0,20.0
647,20.0,1,0,0,21.0
648,21.0,0,0,0,21.0
649,21.0,0,0,0,21.0
650,21.0,0,0,0,21.0
651,21.0,0,0,0,21.0
652,21.0,0,0,0,21.0
653,21.0,0,0,0,21.0
654,21.0,1,0,0,22.0
655,22.0,0,0,0,22.0
656,22.0,0,0,0,22.0
657,22.0,0,0,0,22.0
658,22.0,0,0,0,22.0
659,22.0,0,0,0,22.0
660,22.0,0,0,0,22.0
661,22.0,1,0,0,23.0
662,23.0,0,0,0,23.0
663,23.0,0,0,0,23.0
664,23.0,0,0,0,23.0
665,23.0,0,0,0,23.0
666,23.0,0,0,0,23.0
667,23.0,0,0,0,23.0
668,23.0,1,0,0,24.0
669,24.0,0,0,0,24.0
670,24.0,0,0,0,24.0
671,24.0,0,0,0,24.0
672,24.0,0,0,0,24.0
673,24.0,0,0,0,24.0
674,24.0,0,0,0,24.0
675,24.0,1,0,0,25.0
676,25.0,0,0,0,25.0
677,25.0,0,0,0,25.0
678,25.0,0,0,0,25.0
679,25.0,0,0,0,25.0
680,25.0,0,0,0,25.0
681,25.0,0,0,0,25.0
682,25.0,1,0,0,26.0
683,26.0,0,0,0,26.0
684,26.0,0,0,0,26.0
685,26.0,0,0,0,26.0
686,26.0,0,0,0,26.0
687,26.0,0,0,0,26.0
688,26.0,0,0,0,26.0
689,26.0,0,0,0,26.0
690,26.0,0,0,0,26.0
691,26.0,0,0,0,26.0
692,26.0,0,0,0,26.0
693,26.0,0,0,0,26.0
694,26.0,0,0,0,26.0
695,26.0,0,0,0,26.0
696,26.0,0,0,0,26.0
697,26.0,0,0,0,26.0
698,26.0,0,0,0,26.0
699,26.0,0,0,0,26.0
700,26.0,0,0,0,26.0
701,26.0,0,0,0,26.0
702,26.0,0,0,0,26.0
703,26.0,0,0,0,26.0
704,26.0,0,0,0,26.0
705,26.0,0,0,0,26.0
706,26.0,0,0,0,26.0
707,26.0,0,0,0,26.0
708,26.0,0,0,0,26.0
709,26.0,0,0,0,26.0
710,26.0,0,0,0,26.0
711,26.0,0,0,0,26.0
712,26.0,0,0,0,26.0
713,26.0,0,0,0,26.0
714,26.0,0,0,0,26.0
715,26.0,0,0,0,26.0
716,26.0,0,0,0,26.0
717,26.0,0,0,0,26.0
718,26.0,0,0,0,26.0
719,26.0,0,0,0,26.0
720,26.0,0,0,0,26.0
721,26.0,0,0,0,26.0
722,26.0,0,0,0,26.0
723,26.0,0,0,0,26.0
724,26.0,0,0,0,26.0
725,26.0,0,0,0,26.0
726,26.0,0,0,0,26.0
727,26.0,0,0,0,26.0
728,26.0,0,0,0,26.0
729,26.0,0,0,0,26.0
730,26.0,0,0,0,26.0
731,26.0,0,0,0,26.0
732,26.0,0,0,0,26.0
733,26.0,0,0,0,26.0
734,26.0,0,0,0,26.0
735,26.0,0,0,0,26.0
736,26.0,0,0,0,26.0
737,26.0,0,0,0,26.0
738,26.0,0,0,0,26.0
739,26.0,0,0,0,26.0
740,26.0,0,0,0,26.0
741,26.0,0,0,0,26.0
742,26.0,0,0,0,26.0
743,26.0,0,0,0,26.0
744,26.0,0,0,0,26.0
745,26.0,0,0,0,26.0
746,26.0,0,0,0,26.0
747,26.0,0,0,0,26.0
748,26.0,0,0,0,26.0
749,26.0,0,0,0,26.0
750,26.0,0,0,0,26.0
751,26.0,0,0,0,26.0
752,26.0,0,0,0,26.0
753,26.0,0,0,0,26.0
754,26.0,0,0,0,26.0
755,26.0,0,0,0,26.0
756,26.0,0,0,0,26.0
757,26.0,0,0,0,26.0
758,26.0,0,0,0,26.0
759,26.0,0,0,0,26.0
760,26.0,0,0,0,26.0
761,26.0,0,0,0,26.0
762,26.0,0,0,0,26.0
763,26.0,0,0,0,26.0
764,26.0,0,0,0,26.0
765,26.0,0,0,0,26.0
766,26.0,0,0,0,26.0
767,26.0,0,0,0,26.0
768,26.0,0,0,0,26.0
769,26.0,0,0,0,26.0
770,26.0,0,0,0,26.0
771,26.0,0,0,0,26.0
772,26.0,0,0,0,26.0
773,26.0,0,0,0,26.0
774,26.0,0,0,0,26.0
775,26.0,0,0,0,26.0
776,26.0,0,0,0,26.0
777,26.0,0,0,0,26.0
778,26.0,0,0,0,26.0
779,26.0,0,0,0,26.0
780,26.0,0,0,0,26.0
781,26.0,0,0,0,26.0
782,26.0,0,0,0,26.0
783,26.0,0,0,0,26.0
784,26.0,0,0,0,26.0
785,26.0,0,0,0,26.0
786,26.0,0,0,0,26.0
787,26.0,0,0,0,26.0
788,26.0,0,0,0,26.0
789,26.0,0,0,0,26.0
790,26.0,0,0,0,26.0
791,26.0,0,0,0,26.0
792,26.0,0,0,0,26.0
793,26.0,0,0,0,26.0
794,26.0,0,0,0,26.0
795,26.0,0,0,0,26.0
796,26.0,0,0,0,26.0
797,26.0,0,0,0,26.0
798,26.0,0,0,0,26.0
799,26.0,0,0,0,26.0
800,26.0,0,0,0,26.0
801,26.0,0,0,0,26.0
802,26.0,0,0,0,26.0
803,26.0,0,0,0,26.0
804,26.0,0,0,0,26.0
805,26.0,0,0,0,26.0
806,26.0,0,0,0,26.0
807,26.0,0,0,0,26.0
808,26.0,0,0,0,26.0
809,26.0,0,0,0,26.0
810,26.0,0,0,0,26.0
811,26.0,0,0,0,26.0
812,26.0,0,0,0,26.0
813,26.0,0,0,0,26.0
814,26.0,0,0,0,26.0
815,26.0,0,0,0,26.0
816,26.0,0,0,0,26.0
817,26.0,0,0,0,26.0
818,26.0,0,0,0,26.0
819,26.0,0,0,0,26.0
820,26.0,0,0,0,26.0
821,26.0,0,0,0,26.0
822,26.0,0,0,0,26.0
823,26.0,0,0,0,26.0
824,26.0,0,0,0,26.0
825,26.0,0,0,0,26.0
826,26.0,0,0,0,26.0
827,26.0,0,0,0,26.0
828,26.0,0,0,0,26.0
829,26.0,0,0,0,26.0
830,26.0,0,0,0,26.0
831,26.0,0,0,0,26.0
832,26.0,0,0,0,26.0
833,26.0,0,0,0,26.0
834,26.0,0,0,0,26.0
835,26.0,0,0,0,26.0
836,26.0,0,0,0,26.0
837,26.0,0,0,0,26.0
838,26.0,0,0,0,26.0
839,26.0,0,0,0,26.0
840,26.0,0,0,0,26.0
841,26.0,0,0,0,26.0
842,26.0,0,0,0,26.0
843,26.0,0,0,0,26.0
844,26.0,0,0,0,26.0
845,26.0,0,0,0,26.0
846,26.0,0,0,0,26.0
847,26.0,0,0,0,26.0
848,26.0,0,0,0,26.0
849,26.0,0,0,0,26.0
850,26.0,0,0,0,26.0
851,26.0,0,0,0,26.0
852,26.0,0,0,0,26.0
853,26.0,0,0,0,26.0
854,26.0,0,0,0,26.0
855,26.0,0,0,0,26.0
856,26.0,0,0,0,26.0
857,26.0,0,0,0,26.0
858,26.0,0,0,0,26.0
859,26.0,0,0,0,26.0
860,26.0,0,0,0,26.0
861,26.0,0,0,0,26.0
862,26.0,0,0,0,26.0
863,26.0,0,0,0,26.0
864,26.0,0,0,0,26.0
865,26.0,0,0,0,26.0
866,26.0,0,0,0,26.0
867,26.0,0,0,0,26.0
868,26.0,0,0,0,26.0
869,26.0,0,0,0,26.0
870,26.0,0,0,0,26.0
871,26.0,0,0,0,26.0
872,26.0,0,0,0,26.0
873,26.0,0,0,0,26.0
874,26.0,0,0,0,26.0
875,26.0,0,0,0,26.0
876,26.0,0,0,0,26.0
877,26.0,0,0,0,26.0
878,26.0,0,0,0,26.0
879,26.0,0,0,0,26.0
880,26.0,0,0,0,26.0
881,26.0,0,0,0,26.0
882,26.0,0,0,0,26.0
883,26.0,0,0,0,26.0
884,26.0,0,0,0,26.0
885,26.0,0,0,0,26.0
886,26.0,0,0,0,26.0
887,26.0,0,0,0,26.0
888,26.0,0,0,0,26.0
889,26.0,0,0,0,26.0
890,26.0,0,0,0,26.0
891,26.0,0,0,0,26.0
892,26.0,0,0,0,26.0
893,26.0,0,0,0,26.0
894,26.0,0,0,0,26.0
895,26.0,0,0,0,26.0
896,26.0,0,0,0,26.0
897,26.0,0,0,0,26.0
898,26.0,0,0,0,26.0
899,26.0,0,0,0,26.0
900,26.0,0,0,0,26.0
901,26.0,0,0,0,26.0
902,26.0,0,0,0,26.0
903,26.0,0,0,0,26.0
904,26.0,0,0,0,26.0
905,26.0,0,0,0,26.0
906,26.0,0,0,0,26.0
907,26.0,0,0,0,26.0
908,26.0,0,0,0,26.0
909,26.0,0,0,0,26.0
910,26.0,0,0,0,26.0
911,26.0,0,0,0,26.0
912,26.0,0,0,0,26.0
913,26.0,0,0,0,26.0
914,26.0,0,0,0,26.0
915,26.0,0,0,0,26.0
916,26.0,0,0,0,26.0
917,26.0,0,0,0,26.0
918,26.0,0,0,0,26.0
919,26.0,0,0,0,26.0
920,26.0,0,0,0,26.0
921,26.0,0,0,0,26.0
922,26.0,0,0,0,26.0
923,26.0,0,0,0,26.0
924,26.0,0,0,0,26.0
925,26.0,0,0,0,26.0
926,26.0,0,0,0,26.0
927,26.0,0,0,0,26.0
928,26.0,0,0,0,26.0
929,26.0,0,0,0,26.0
930,26.0,0,0,0,26.0
931,26.0,0,0,0,26.0
932,26.0,0,0,0,26.0
933,26.0,0,0,0,26.0
934,26.0,0,0,0,26.0
935,26.0,0,0,0,26.0
936,26.0,0,0,0,26.0
937,26.0,0,0,0,26.0
938,26.0,0,0,0,26.0
939,26.0,0,0,0,26.0
940,26.0,0,0,0,26.0
941,26.0,0,0,0,26.0
942,26.0,0,0,0,26.0
943,26.0,0,0,0,26.0
944,26.0,0,0,0,26.0
945,26.0,0,0,0,26.0
946,26.0,0,0,0,26.0
947,26.0,0,0,0,26.0
948,26.0,0,0,0,26.0
949,26.0,0,0,0,26.0
950,26.0,0,0,0,26.0
951,26.0,0,0,0,26.0
952,26.0,0,0,0,26.0
953,26.0,0,0,0,26.0
954,26.0,0,0,0,26.0
955,26.0,0,0,0,26.0
956,26.0,0,0,0,26.0
957,26.0,0,0,0,26.0
958,26.0,0,0,0,26.0
959,26.0,0,0,0,26.0
960,26.0,0,0,0,26.0
961,26.0,0,0,0,26.0
962,26.0,0,0,0,26.0
963,26.0,0,0,0,26.0
964,26.0,0,0,0,26.0
965,26.0,0,0,0,26.0
966,26.0,0,0,0,26.0
967,26.0,0,0,0,26.0
968,26.0,0,0,0,26.0
969,26.0,0,0,0,26.0
970,26.0,0,0,0,26.0
971,26.0,0,0,0,26.0
972,26.0,0,0,0,26.0
973,26.0,0,0,0,26.0
974,26.0,0,0,0,26.0
975,26.0,0,0,0,26.0
976,26.0,0,0,0,26.0
977,26.0,0,0,0,26.0
978,26.0,0,0,0,26.0
979,26.0,0,0,0,26.0
980,26.0,0,0,0,26.0
981,26.0,0,0,0,26.0
982,26.0,0,0,0,26.0
983,26.0,0,0,0,26.0
984,26.0,0,0,0,26.0
985,26.0,0,0,0,26.0
986,26.0,0,0,0,26.0
987,26.0,0,0,0,26.0
988,26.0,0,0,0,26.0
989,26.0,0,0,0,26.0
990,26.0,0,0,0,26.0
991,26.0,0,0,0,26.0
992,26.0,0,0,0,26.0
993,26.0,0,0,0,26.0
994,26.0,0,0,0,26.0
995,26.0,0,0,0,26.0
996,26.0,0,0,0,26.0
997,26.0,0,0,0,26.0
998,26.0,0,0,0,26.0
999,26.0,0,0,0,26.0
1000,26.0,0,0,0,26.0
1001,26.0,0,0,0,26.0
1002,26.0,0,0,0,26.0
1003,26.0,0,0,0,26.0
1004,26.0,0,0,0,26.0
1005,26.0,0,0,0,26.0
1006,26.0,0,0,0,26.0
1007,26.0,0,0,0,26.0
1008,26.0,0,0,0,26.0
1009,26.0,0,0,0,26.0
1010,26.0,0,0,0,26.0
1011,26.0,0,0,0,26.0
1012,26.0,0,0,0,26.0
1013,26.0,0,0,0,26.0
1014,26.0,0,0,0,26.0
1015,26.0,0,0,0,26.0
1016,26.0,0,0,0,26.0
1017,26.0,0,0,0,26.0
1018,26.0,0,0,0,26.0
1019,26.0,0,0,0,26.0
1020,26.0,0,0,0,26.0
1021,26.0,0,0,0,26.0
1022,26.0,0,0,0,26.0
1023,26.0,0,0,0,26.0
1024,26.0,0,0,0,26.0
1025,26.0,0,0,0,26.0
1026,26.0,0,0,0,26.0
1027,26.0,0,0,0,26.0
1028,26.0,0,0,0,26.0
1029,26.0,0,0,0,26.0
1030,26.0,0,0,0,26.0
1031,26.0,0,0,0,26.0
1032,26.0,0,0,0,26.0
1033,26.0,0,0,0,26.0
1034,26.0,0,0,0,26.0
1035,26.0,0,0,0,26.0
1036,26.0,0,0,0,26.0
1037,26.0,0,0,0,26.0
1038,26.0,0,0,0,26.0
1039,26.0,0,0,0,26.0
1040,26.0,0,0,0,26.0
1041,26.0,0,0,0,26.0
1042,26.0,0,0,0,26.0
1043,26.0,0,0,0,26.0
1044,26.0,0,0,0,26.0
1045,26.0,0,0,0,26.0
1046,26.0,0,0,0,26.0
1047,26.0,0,0,0,26.0
1048,26.0,0,0,0,26.0
1049,26.0,0,0,0,26.0
1050,26.0,0,0,0,26.0
1051,26.0,0,0,0,26.0
1052,26.0,0,0,0,26.0
1053,26.0,0,0,0,26.0
1054,26.0,0,0,0,26.0
1055,26.0,0,0,0,26.0
1056,26.0,0,0,0,26.0
1057,26.0,0,0,0,26.0
1058,26.0,0,0,0,26.0
1059,26.0,0,0,0,26.0
1060,26.0,0,0,0,26.0
1061,26.0,0,0,0,26.0
1062,26.0,0,0,0,26.0
1063,26.0,0,0,0,26.0
1064,26.0,0,0,0,26.0
1065,26.0,0,0,0,26.0
1066,26.0,0,0,0,26.0
1067,26.0,0,0,0,26.0
1068,26.0,0,0,0,26.0
1069,26.0,0,0,0,26.0
1070,26.0,0,0,0,26.0
1071,26.0,0,0,0,26.0
1072,26.0,0,0,0,26.0
1073,26.0,0,0,0,26.0
1074,26.0,0,0,0,26.0
1075,26.0,0,0,0,26.0
1076,26.0,0,0,0,26.0
1077,26.0,0,0,0,26.0
1078,26.0,0,0,0,26.0
1079,26.0,0,0,0,26.0
1080,26.0,0,0,0,26.0
1081,26.0,0,0,0,26.0
1082,26.0,0,0,0,26.0
1083,26.0,0,0,0,26.0
1084,26.0,0,0,0,26.0
1085,26.0,0,0,0,26.0
1086,26.0,0,0,0,26.0
1087,26.0,0,0,0,26.0
1088,26.0,0,0,0,26.0
1089,26.0,0,0,0,26.0
1090,26.0,0,0,0,26.0
1091,26.0,0,0,0,26.0
1092,26.0,0,0,0,26.0
1093,26.0,0,0,0,26.0
1094,26.0,0,0,0,26.0
1095,26.0,0,0,0,26.0
1096,26.0,0,0,0,26.0
1097,26.0,0,0,0,26.0
1098,26.0,0,0,0,26.0
1099,26.0,0,0,0,26.0
1100,26.0,0,0,0,26.0
1101,26.0,0,0,0,26.0
1102,26.0,0,0,0,26.0
1103,26.0,0,0,0,26.0
1104,26.0,0,0,0,26.0
1105,26.0,0,0,0,26.0
1106,26.0,0,0,0,26.0
1107,26.0,0,0,0,26.0
1108,26.0,0,0,0,26.0
1109,26.0,0,0,0,26.0
1110,26.0,0,0,0,26.0
1111,26.0,0,0,0,26.0
1112,26.0,0,0,0,26.0
1113,26.0,0,0,0,26.0
1114,26.0,0,0,0,26.0
1115,26.0,0,0,0,26.0
1116,26.0,0,0,0,26.0
1117,26.0,0,0,0,26.0
1118,26.0,0,0,0,26.0
1119,26.0,0,0,0,26.0
1120,26.0,0,0,0,26.0
1121,26.0,0,0,0,26.0
1122,26.0,0,0,0,26.0
1123,26.0,0,0,0,26.0
1124,26.0,0,0,0,26.0
1125,26.0,0,0,0,26.0
1126,26.0,0,0,0,26.0
1127,26.0,0,0,0,26.0
1128,26.0,0,0,0,26.0
1129,26.0,0,0,0,26.0
1130,26.0,0,0,0,26.0
1131,26.0,0,0,0,26.0
1132,26.0,0,0,0,26.0
1133,26.0,0,0,0,26.0
1134,26.0,0,0,0,26.0
1135,26.0,0,0,0,26.0
1136,26.0,0,0,0,26.0
1137,26.0,0,0,0,26.0
1138,26.0,0,0,0,26.0
1139,26.0,0,0,0,26.0
1140,26.0,0,0,0,26.0
1141,26.0,0,0,0,26.0
1142,26.0,0,0,0,26.0
1143,26.0,0,0,0,26.0
1144,26.0,0,0,0,26.0
1145,26.0,0,0,0,26.0
1146,26.0,0,0,0,26.0
1147,26.0,0,0,0,26.0
1148,26.0,0,0,0,26.0
1149,26.0,0,0,0,26.0
1150,26.0,0,0,0,26.0
1151,26.0,0,0,0,26.0
1152,26.0,0,0,0,26.0
1153,26.0,0,0,0,26.0
1154,26.0,0,0,0,26.0
1155,26.0,0,0,0,26.0
1156,26.0,0,0,0,26.0
1157,26.0,0,0,0,26.0
1158,26.0,0,0,0,26.0
1159,26.0,0,0,0,26.0
1160,26.0,0,0,0,26.0
1161,26.0,0,0,0,26.0
1162,26.0,0,0,0,26.0
1163,26.0,0,0,0,26.0
1164,26.0,0,0,0,26.0
1165,26.0,0,0,0,26.0
1166,26.0,0,0,0,26.0
1167,26.0,0,0,0,26.0
1168,26.0,0,0,0,26.0
1169,26.0,0,0,0,26.0
1170,26.0,0,0,0,26.0
1171,26.0,0,0,0,26.0
1172,26.0,0,0,0,26.0
1173,26.0,0,0,0,26.0
1174,26.0,0,0,0,26.0
1175,26.0,0,0,0,26.0
1176,26.0,0,0,0,26.0
1177,26.0,0,0,0,26.0
1178,26.0,0,0,0,26.0
1179,26.0,0,0,0,26.0
1180,26.0,0,0,0,26.0
1181,26.0,0,0,0,26.0
1182,26.0,0,0,0,26.0
1183,26.0,0,0,0,26.0
1184,26.0,0,0,0,26.0
1185,26.0,0,0,0,26.0
1186,26.0,0,0,0,26.0
1187,26.0,0,0,0,26.0
1188,26.0,0,0,0,26.0
1189,26.0,0,0,0,26.0
1190,26.0,0,0,0,26.0
1191,26.0,0,0,0,26.0
1192,26.0,0,0,0,26.0
1193,26.0,0,0,0,26.0
1194,26.0,0,0,0,26.0
1195,26.0,0,0,0,26.0
1196,26.0,0,0,0,26.0
1197,26.0,0,0,0,26.0
1198,26.0,0,0,0,26.0
1199,26.0,0,0,0,26.0
1200,26.0,0,0,0,26.0
1201,26.0,0,0,0,26.0
1202,26.0,0,0,0,26.0
1203,26.0,0,0,0,26.0
1204,26.0,0,0,0,26.0
1205,26.0,0,0,0,26.0
1206,26.0,0,0,0,26.0
1207,26.0,0,0,0,26.0
1208,26.0,0,0,0,26.0
1209,26.0,0,0,0,26.0
1210,26.0,0,0,0,26.0
1211,26.0,0,0,0,26.0
1212,26.0,0,0,0,26.0
1213,26.0,0,0,0,26.0
1214,26.0,0,0,0,26.0
1215,26.0,0,0,0,26.0
1216,26.0,0,0,0,26.0
1217,26.0,0,0,0,26.0
1218,26.0,0,0,0,26.0
1219,26.0,0,0,0,26.0
1220,26.0,0,0,0,26.0
1221,26.0,0,0,0,26.0
1222,26.0,0,0,0,26.0
1223,26.0,0,0,0,26.0
1224,26.0,0,0,0,26.0
1225,26.0,0,0,0,26.0
1226,26.0,0,0,0,26.0
1227,26.0,0,0,0,26.0
1228,26.0,0,0,0,26.0
1229,26.0,0,0,0,26.0
1230,26.0,0,0,0,26.0
1231,26.0,0,0,0,26.0
1232,26.0,0,0,0,26.0
1233,26.0,0,0,0,26.0
1234,26.0,0,0,0,26.0
1235,26.0,0,0,0,26.0
1236,26.0,0,0,0,26.0
1237,26.0,0,0,0,26.0
1238,26.0,0,0,0,26.0
1239,26.0,0,0,0,26.0
1240,26.0,0,0,0,26.0
1241,26.0,0,0,0,26.0
1242,26.0,0,0,0,26.0
1243,26.0,0,0,0,26.0
1244,26.0,0,0,0,26.0
1245,26.0,0,0,0,26.0
1246,26.0,0,0,0,26.0
1247,26.0,0,0,0,26.0
1248,26.0,0,0,0,26.0
1249,26.0,0,0,0,26.0
1250,26.0,0,0,0,26.0
1251,26.0,0,0,0,26.0
1252,26.0,0,0,0,26.0
1253,26.0,0,0,0,26.0
1254,26.0,0,0,0,26.0
1255,26.0,0,0,0,26.0
1256,26.0,0,0,0,26.0
1257,26.0,0,0,0,26.0
1258,26.0,0,0,0,26.0
1259,26.0,0,0,0,26.0
1260,26.0,0,0,0,26.0
1261,26.0,0,0,0,26.0
1262,26.0,0,0,0,26.0
1263,26.0,0,0,0,26.0
1264,26.0,0,0,0,26.0
1265,26.0,0,0,0,26.0
1266,26.0,0,0,0,26.0
1267,26.0,0,0,0,26.0
1268,26.0,0,0,0,26.0
1269,26.0,0,0,0,26.0
1270,26.0,0,0,0,26.0
1271,26.0,0,0,0,26.0
1272,26.0,0,0,0,26.0
1273,26.0,0,0,0,26.0
1274,26.0,0,0,0,26.0
1275,26.0,0,0,0,26.0
1276,26.0,0,0,0,26.0
1277,26.0,0,0,0,26.0
1278,26.0,0,0,0,26.0
1279,26.0,0,0,0,26.0
1280,26.0,0,0,0,26.0
1281,26.0,0,0,0,26.0
1282,26.0,0,0,0,26.0
1283,26.0,0,0,0,26.0
1284,26.0,0,0,0,26.0
1285,26.0,0,0,0,26.0
1286,26.0,0,0,0,26.0
1287,26.0,0,0,0,26.0
1288,26.0,0,0,0,26.0
1289,26.0,0,0,0,26.0
1290,26.0,0,0,0,26.0
1291,26.0,0,0,0,26.0
1292,26.0,0,0,0,26.0
1293,26.0,0,0,0,26.0
1294,26.0,0,0,0,26.0
1295,26.0,0,0,0,26.0
1296,26.0,0,0,0,26.0
1297,26.0,0,0,0,26.0
1298,26.0,0,0,0,26.0
1299,26.0,0,0,0,26.0
1300,26.0,0,0,0,26.0
1301,26.0,0,0,0,26.0
1302,26.0,0,0,0,26.0
1303,26.0,0,0,0,26.0
1304,26.0,0,0,0,26.0
1305,26.0,0,0,0,26.0
1306,26.0,0,0,0,26.0
1307,26.0,0,0,0,26.0
1308,26.0,0,0,0,26.0
1309,26.0,0,0,0,26.0
1310,26.0,0,0,0,26.0
1311,26.0,0,0,0,26.0
1312,26.0,0,0,0,26.0
1313,26.0,0,0,0,26.0
1314,26.0,0,0,0,26.0
1315,26.0,0,0,0,26.0
1316,26.0,0,0,0,26.0
1317,26.0,0,0,0,26.0
1318,26.0,0,0,0,26.0
1319,26.0,0,0,0,26.0
1320,26.0,0,0,0,26.0
1321,26.0,0,0,0,26.0
1322,26.0,0,0,0,26.0
1323,26.0,0,0,0,26.0
1324,26.0,0,0,0,26.0
1325,26.0,0,0,0,26.0
1326,26.0,0,0,0,26.0
1327,26.0,0,0,0,26.0
1328,26.0,0,0,0,26.0
1329,26.0,0,0,0,26.0
1330,26.0,0,0,0,26.0
1331,26.0,0,0,0,26.0
1332,26.0,0,0,0,26.0
1333,26.0,0,0,0,26.0
1334,26.0,0,0,0,26.0
1335,26.0,0,0,0,26.0
1336,26.0,0,0,0,26.0
1337,26.0,0,0,0,26.0
1338,26.0,0,0,0,26.0
1339,26.0,0,0,0,26.0
1340,26.0,0,0,0,26.0
1341,26.0,0,0,0,26.0
1342,26.0,0,0,0,26.0
1343,26.0,0,0,0,26.0
1344,26.0,0,0,0,26.0
1345,26.0,0,0,0,26.0
1346,26.0,0,0,0,26.0
1347,26.0,0,0,0,26.0
1348,26.0,0,0,0,26.0
1349,26.0,0,0,0,26.0
1350,26.0,0,0,0,26.0
1351,26.0,0,0,0,26.0
1352,26.0,0,0,0,26.0
1353,26.0,0,0,0,26.0
1354,26.0,0,0,0,26.0
1355,26.0,0,0,0,26.0
1356,26.0,0,0,0,26.0
1357,26.0,0,0,0,26.0
1358,26.0,0,0,0,26.0
1359,26.0,0,0,0,26.0
1360,26.0,0,0,0,26.0
1361,26.0,0,0,0,26.0
1362,26.0,0,0,0,26.0
1363,26.0,0,0,0,26.0
1364,26.0,0,0,0,26.0
1365,26.0,0,0,0,26.0
1366,26.0,0,0,0,26.0
1367,26.0,0,0,0,26.0
1368,26.0,0,0,0,26.0
1369,26.0,0,0,0,26.0
1370,26.0,0,0,0,26.0
1371,26.0,0,0,0,26.0
1372,26.0,0,0,0,26.0
1373,26.0,0,0,0,26.0
1374,26.0,0,0,0,26.0
1375,26.0,0,0,0,26.0
1376,26.0,0,0,0,26.0
1377,26.0,0,0,0,26.0
1378,26.0,0,0,0,26.0
1379,26.0,0,0,0,26.0
1380,26.0,0,0,0,26.0
1381,26.0,0,0,0,26.0
1382,26.0,0,0,0,26.0
1383,26.0,0,0,0,26.0
1384,26.0,0,0,0,26.0
1385,26.0,0,0,0,26.0
1386,26.0,0,0,0,26.0
1387,26.0,0,0,0,26.0
1388,26.0,0,0,0,26.0
1389,26.0,0,0,0,26.0
1390,26.0,0,0,0,26.0
1391,26.0,0,0,0,26.0
1392,26.0,0,0,0,26.0
1393,26.0,0,0,0,26.0
1394,26.0,0,0,0,26.0
1395,26.0,0,0,0,26.0
1396,26.0,0,0,0,26.0
1397,26.0,0,0,0,26.0
1398,26.0,0,0,0,26.0
1399,26.0,0,0,0,26.0
1400,26.0,0,0,0,26.0
1401,26.0,0,0,0,26.0
1402,26.0,0,0,0,26.0
1403,26.0,0,0,0,26.0
1404,26.0,0,0,0,26.0
1405,26.0,0,0,0,26.0
1406,26.0,0,0,0,26.0
1407,26.0,0,0,0,26.0
1408,26.0,0,0,0,26.0
1409,26.0,0,0,0,26.0
1410,26.0,0,0,0,26.0
1411,26.0,0,0,0,26.0
1412,26.0,0,0,0,26.0
1413,26.0,0,0,0,26.0
1414,26.0,0,0,0,26.0
1415,26.0,0,0,0,26.0
1416,26.0,0,0,0,26.0
1417,26.0,0,0,0,26.0
1418,26.0,0,0,0,26.0
1419,26.0,0,0,0,26.0
1420,26.0,0,0,0,26.0
1421,26.0,0,0,0,26.0
1422,26.0,0,0,0,26.0
1423,26.0,0,0,0,26.0
1424,26.0,0,0,0,26.0
1425,26.0,0,0,0,26.0
1426,26.0,0,0,0,26.0
1427,26.0,0,0,0,26.0
1428,26.0,0,0,0,26.0
1429,26.0,0,0,0,26.0
1430,26.0,0,0,0,26.0
1431,26.0,0,0,0,26.0
1432,26.0,0,0,0,26.0
1433,26.0,0,0,0,26.0
1434,26.0,0,0,0,26.0
1435,26.0,0,0,0,26.0
1436,26.0,0,0,0,26.0
1437,26.0,0,0,0,26.0
1438,26.0,0,0,0,26.0
1439,26.0,0,0,0,26.0
1440,26.0,0,0,0,26.0
1441,26.0,0,0,0,26.0
1442,26.0,0,0,0,26.0
1443,26.0,0,0,0,26.0
1444,26.0,0,0,0,26.0
1445,26.0,0,0,0,26.0
1446,26.0,0,0,0,26.0
1447,26.0,0,0,0,26.0
1448,26.0,0,0,0,26.0
1449,26.0,0,0,0,26.0
1450,26.0,0,0,0,26.0
1451,26.0,0,0,0,26.0
1452,26.0,0,0,0,26.0
1453,26.0,0,0,0,26.0
1454,26.0,0,0,0,26.0
1455,26.0,0,0,0,26.0
1456,26.0,0,0,0,26.0
1457,26.0,0,0,0,26.0
1458,26.0,0,0,0,26.0
1459,26.0,0,0,0,26.0
1460,26.0,0,0,0,26.0
1461,26.0,0,0,0,26.0
1462,26.0,0,0,0,26.0
1463,26.0,0,0,0,26.0
1464,26.0,0,0,0,26.0
1465,26.0,0,0,0,26.0
1466,26.0,0,0,0,26.0
1467,26.0,0,0,0,26.0
1468,26.0,0,0,0,26.0
1469,26.0,0,0,0,26.0
1470,26.0,0,0,0,26.0
1471,26.0,0,0,0,26.0
1472,26.0,0,0,0,26.0
1473,26.0,0,0,0,26.0
1474,26.0,0,0,0,26.0
1475,26.0,0,0,0,26.0
1476,26.0,0,0,0,26.0
1477,26.0,0,0,0,26.0
1478,26.0,0,0,0,26.0
1479,26.0,0,0,0,26.0
1480,26.0,0,0,0,26.0
1481,26.0,0,0,0,26.0
1482,26.0,0,0,0,26.0
1483,26.0,0,0,0,26.0
1484,26.0,0,0,0,26.0
1485,26.0,0,0,0,26.0
1486,26.0,0,0,0,26.0
1487,26.0,0,0,0,26.0
1488,26.0,0,0,0,26.0
1489,26.0,0,0,0,26.0
1490,26.0,0,0,0,26.0
1491,26.0,0,0,0,26.0
1492,26.0,0,0,0,26.0
1493,26.0,0,0,0,26.0
1494,26.0,0,0,0,26.0
1495,26.0,0,0,0,26.0
1496,26.0,0,0,0,26.0
1497,26.0,0,0,0,26.0
1498,26.0,0,0,0,26.0
1499,26.0,0,0,0,26.0
1500,26.0,0,0,0,26.0
